year,month,XMXL WMASK mnthly
 75, 1,  0.4129457E+04
 75, 2,  0.4599646E+04
 75, 3,  0.5936500E+04
 75, 4,  0.7721499E+04
 75, 5,  0.1520680E+05
 75, 6,  0.1769421E+05
 75, 7,  0.1767198E+05
 75, 8,  0.1333059E+05
 75, 9,  0.1283579E+05
 75,10,  0.1205555E+05
 75,11,  0.1033590E+05
 75,12,  0.6493696E+04
 76, 1,  0.4118634E+04
 76, 2,  0.4584814E+04
 76, 3,  0.5911191E+04
 76, 4,  0.8200168E+04
 76, 5,  0.1590564E+05
 76, 6,  0.1810563E+05
 76, 7,  0.1713292E+05
 76, 8,  0.1305563E+05
 76, 9,  0.1217563E+05
 76,10,  0.1183402E+05
 76,11,  0.1038944E+05
 76,12,  0.6444133E+04
 77, 1,  0.4106828E+04
 77, 2,  0.4588699E+04
 77, 3,  0.5906053E+04
 77, 4,  0.8227469E+04
 77, 5,  0.1700656E+05
 77, 6,  0.1791175E+05
 77, 7,  0.1631568E+05
 77, 8,  0.1253605E+05
 77, 9,  0.1200948E+05
 77,10,  0.1177961E+05
 77,11,  0.1037571E+05
 77,12,  0.6495389E+04
 78, 1,  0.4109061E+04
 78, 2,  0.4581233E+04
 78, 3,  0.5923466E+04
 78, 4,  0.8558891E+04
 78, 5,  0.1570662E+05
 78, 6,  0.1652700E+05
 78, 7,  0.1591145E+05
 78, 8,  0.1213204E+05
 78, 9,  0.1202777E+05
 78,10,  0.1169967E+05
 78,11,  0.1042415E+05
 78,12,  0.6511310E+04
 79, 1,  0.4108317E+04
 79, 2,  0.4588313E+04
 79, 3,  0.5889522E+04
 79, 4,  0.7705309E+04
 79, 5,  0.1301527E+05
 79, 6,  0.1568219E+05
 79, 7,  0.1543591E+05
 79, 8,  0.1225276E+05
 79, 9,  0.1209760E+05
 79,10,  0.1174453E+05
 79,11,  0.1044452E+05
 79,12,  0.6570425E+04
 80, 1,  0.4108729E+04
 80, 2,  0.4578073E+04
 80, 3,  0.5899726E+04
 80, 4,  0.7844302E+04
 80, 5,  0.1460512E+05
 80, 6,  0.1637326E+05
 80, 7,  0.1564435E+05
 80, 8,  0.1283496E+05
 80, 9,  0.1295377E+05
 80,10,  0.1247360E+05
 80,11,  0.1060409E+05
 80,12,  0.6545075E+04
 81, 1,  0.4098365E+04
 81, 2,  0.4588613E+04
 81, 3,  0.5910594E+04
 81, 4,  0.8501774E+04
 81, 5,  0.1556561E+05
 81, 6,  0.1589568E+05
 81, 7,  0.1520356E+05
 81, 8,  0.1279175E+05
 81, 9,  0.1253696E+05
 81,10,  0.1180332E+05
 81,11,  0.1041838E+05
 81,12,  0.6490356E+04
 82, 1,  0.4125181E+04
 82, 2,  0.4577005E+04
 82, 3,  0.5887092E+04
 82, 4,  0.7793764E+04
 82, 5,  0.1376609E+05
 82, 6,  0.1587129E+05
 82, 7,  0.1569303E+05
 82, 8,  0.1249553E+05
 82, 9,  0.1191029E+05
 82,10,  0.1176164E+05
 82,11,  0.1048819E+05
 82,12,  0.6610516E+04
 83, 1,  0.4128820E+04
 83, 2,  0.4592233E+04
 83, 3,  0.5900542E+04
 83, 4,  0.7633247E+04
 83, 5,  0.1354296E+05
 83, 6,  0.1697132E+05
 83, 7,  0.1702235E+05
 83, 8,  0.1253039E+05
 83, 9,  0.1207953E+05
 83,10,  0.1172299E+05
 83,11,  0.1033701E+05
 83,12,  0.6521547E+04
 84, 1,  0.4126132E+04
 84, 2,  0.4597007E+04
 84, 3,  0.5901479E+04
 84, 4,  0.7724610E+04
 84, 5,  0.1542952E+05
 84, 6,  0.1742795E+05
 84, 7,  0.1621157E+05
 84, 8,  0.1247773E+05
 84, 9,  0.1180908E+05
 84,10,  0.1169091E+05
 84,11,  0.1038316E+05
 84,12,  0.6531192E+04
 85, 1,  0.4142520E+04
 85, 2,  0.4587719E+04
 85, 3,  0.5885254E+04
 85, 4,  0.8051998E+04
 85, 5,  0.1603088E+05
 85, 6,  0.1774189E+05
 85, 7,  0.1561221E+05
 85, 8,  0.1265387E+05
 85, 9,  0.1211282E+05
 85,10,  0.1173663E+05
 85,11,  0.1040581E+05
 85,12,  0.6536484E+04
 86, 1,  0.4119928E+04
 86, 2,  0.4585561E+04
 86, 3,  0.5908866E+04
 86, 4,  0.7659357E+04
 86, 5,  0.1402900E+05
 86, 6,  0.1726187E+05
 86, 7,  0.1606073E+05
 86, 8,  0.1220198E+05
 86, 9,  0.1201486E+05
 86,10,  0.1184903E+05
 86,11,  0.1048775E+05
 86,12,  0.6548042E+04
 87, 1,  0.4138427E+04
 87, 2,  0.4596239E+04
 87, 3,  0.5934396E+04
 87, 4,  0.7581575E+04
 87, 5,  0.1391314E+05
 87, 6,  0.1803259E+05
 87, 7,  0.1737680E+05
 87, 8,  0.1256877E+05
 87, 9,  0.1204093E+05
 87,10,  0.1186278E+05
 87,11,  0.1054140E+05
 87,12,  0.6538906E+04
 88, 1,  0.4130816E+04
 88, 2,  0.4599136E+04
 88, 3,  0.5940895E+04
 88, 4,  0.8914857E+04
 88, 5,  0.1832995E+05
 88, 6,  0.1955816E+05
 88, 7,  0.1748579E+05
 88, 8,  0.1309780E+05
 88, 9,  0.1239139E+05
 88,10,  0.1200135E+05
 88,11,  0.1053938E+05
 88,12,  0.6490236E+04
 89, 1,  0.4099977E+04
 89, 2,  0.4604954E+04
 89, 3,  0.5949228E+04
 89, 4,  0.9776675E+04
 89, 5,  0.1978497E+05
 89, 6,  0.2016828E+05
 89, 7,  0.1770974E+05
 89, 8,  0.1332985E+05
 89, 9,  0.1224726E+05
 89,10,  0.1187846E+05
 89,11,  0.1054893E+05
 89,12,  0.6459866E+04
 90, 1,  0.4120743E+04
 90, 2,  0.4585828E+04
 90, 3,  0.5936113E+04
 90, 4,  0.9611100E+04
 90, 5,  0.1950494E+05
 90, 6,  0.2046235E+05
 90, 7,  0.1819660E+05
 90, 8,  0.1373067E+05
 90, 9,  0.1249248E+05
 90,10,  0.1206810E+05
 90,11,  0.1064189E+05
 90,12,  0.6507464E+04
 91, 1,  0.4135893E+04
 91, 2,  0.4606288E+04
 91, 3,  0.5975947E+04
 91, 4,  0.9228248E+04
 91, 5,  0.1969648E+05
 91, 6,  0.2059467E+05
 91, 7,  0.1721902E+05
 91, 8,  0.1356017E+05
 91, 9,  0.1338931E+05
 91,10,  0.1211586E+05
 91,11,  0.1053810E+05
 91,12,  0.6400600E+04
 92, 1,  0.4160479E+04
 92, 2,  0.4622402E+04
 92, 3,  0.5962917E+04
 92, 4,  0.8610242E+04
 92, 5,  0.1907518E+05
 92, 6,  0.2000602E+05
 92, 7,  0.1771229E+05
 92, 8,  0.1537736E+05
 92, 9,  0.1545546E+05
 92,10,  0.1322241E+05
 92,11,  0.1061799E+05
 92,12,  0.6437236E+04
 93, 1,  0.4124867E+04
 93, 2,  0.4617341E+04
 93, 3,  0.5973457E+04
 93, 4,  0.1013560E+05
 93, 5,  0.1937250E+05
 93, 6,  0.2042673E+05
 93, 7,  0.1955862E+05
 93, 8,  0.1655373E+05
 93, 9,  0.1573362E+05
 93,10,  0.1370217E+05
 93,11,  0.1053381E+05
 93,12,  0.6317226E+04
 94, 1,  0.4123949E+04
 94, 2,  0.4619053E+04
 94, 3,  0.5940005E+04
 94, 4,  0.9512735E+04
 94, 5,  0.1969099E+05
 94, 6,  0.2087369E+05
 94, 7,  0.1969464E+05
 94, 8,  0.1695888E+05
 94, 9,  0.1653987E+05
 94,10,  0.1406857E+05
 94,11,  0.1078317E+05
 94,12,  0.6431804E+04
 95, 1,  0.4150742E+04
 95, 2,  0.4637005E+04
 95, 3,  0.6017806E+04
 95, 4,  0.8985213E+04
 95, 5,  0.1969791E+05
 95, 6,  0.2243263E+05
 95, 7,  0.2178533E+05
 95, 8,  0.1744918E+05
 95, 9,  0.1651048E+05
 95,10,  0.1425428E+05
 95,11,  0.1070678E+05
 95,12,  0.6300238E+04
 96, 1,  0.4138152E+04
 96, 2,  0.4626400E+04
 96, 3,  0.5978855E+04
 96, 4,  0.8947576E+04
 96, 5,  0.2045000E+05
 96, 6,  0.2320552E+05
 96, 7,  0.2169518E+05
 96, 8,  0.1660894E+05
 96, 9,  0.1555365E+05
 96,10,  0.1344635E+05
 96,11,  0.1065862E+05
 96,12,  0.6367594E+04
 97, 1,  0.4146337E+04
 97, 2,  0.4626998E+04
 97, 3,  0.6013566E+04
 97, 4,  0.9353696E+04
 97, 5,  0.2177711E+05
 97, 6,  0.2348072E+05
 97, 7,  0.2079207E+05
 97, 8,  0.1527092E+05
 97, 9,  0.1441174E+05
 97,10,  0.1292366E+05
 97,11,  0.1072226E+05
 97,12,  0.6416473E+04
 98, 1,  0.4167222E+04
 98, 2,  0.4642998E+04
 98, 3,  0.5986889E+04
 98, 4,  0.9912287E+04
 98, 5,  0.2229675E+05
 98, 6,  0.2266488E+05
 98, 7,  0.1946573E+05
 98, 8,  0.0000000E+00
 98, 9,  0.1335337E+05
 98,10,  0.1241272E+05
 98,11,  0.1065966E+05
 98,12,  0.6379193E+04
 99, 1,  0.4134671E+04
 99, 2,  0.4614883E+04
 99, 3,  0.5960917E+04
 99, 4,  0.1071318E+05
 99, 5,  0.2239512E+05
 99, 6,  0.2332973E+05
 99, 7,  0.1928032E+05
 99, 8,  0.1489088E+05
 99, 9,  0.1470366E+05
 99,10,  0.1284629E+05
 99,11,  0.1074730E+05
 99,12,  0.6499678E+04
100, 1,  0.4157061E+04
100, 2,  0.4628542E+04
100, 3,  0.5990944E+04
100, 4,  0.1092171E+05
100, 5,  0.2308768E+05
100, 6,  0.2429455E+05
100, 7,  0.2084466E+05
100, 8,  0.1592577E+05
100, 9,  0.1561008E+05
100,10,  0.1326564E+05
100,11,  0.1057238E+05
100,12,  0.6376960E+04
101, 1,  0.4174769E+04
101, 2,  0.4623093E+04
101, 3,  0.5978875E+04
101, 4,  0.1067790E+05
101, 5,  0.2309956E+05
101, 6,  0.2354473E+05
101, 7,  0.1977075E+05
101, 8,  0.1686558E+05
101, 9,  0.1672704E+05
101,10,  0.1358051E+05
101,11,  0.1066948E+05
101,12,  0.6386378E+04
102, 1,  0.4133252E+04
102, 2,  0.4630921E+04
102, 3,  0.5966334E+04
102, 4,  0.9165595E+04
102, 5,  0.2119500E+05
102, 6,  0.2281251E+05
102, 7,  0.1987909E+05
102, 8,  0.1793388E+05
102, 9,  0.1780075E+05
102,10,  0.1495066E+05
102,11,  0.1073621E+05
102,12,  0.6459077E+04
103, 1,  0.4149935E+04
103, 2,  0.4618264E+04
103, 3,  0.5959408E+04
103, 4,  0.1050383E+05
103, 5,  0.2151851E+05
103, 6,  0.2140864E+05
103, 7,  0.1970235E+05
103, 8,  0.1923375E+05
103, 9,  0.1873970E+05
103,10,  0.1519040E+05
103,11,  0.1084084E+05
103,12,  0.6476679E+04
104, 1,  0.4140858E+04
104, 2,  0.4611385E+04
104, 3,  0.5953814E+04
104, 4,  0.1085246E+05
104, 5,  0.2221972E+05
104, 6,  0.2153825E+05
104, 7,  0.1840659E+05
104, 8,  0.1746636E+05
104, 9,  0.1786181E+05
104,10,  0.1463940E+05
104,11,  0.1061068E+05
104,12,  0.6406608E+04
105, 1,  0.4158187E+04
105, 2,  0.4616444E+04
105, 3,  0.5970820E+04
105, 4,  0.1076936E+05
105, 5,  0.2336085E+05
105, 6,  0.2390506E+05
105, 7,  0.2088564E+05
105, 8,  0.1863228E+05
105, 9,  0.1756474E+05
105,10,  0.1439513E+05
105,11,  0.1066070E+05
105,12,  0.6379074E+04
106, 1,  0.4160507E+04
106, 2,  0.4629011E+04
106, 3,  0.5998918E+04
106, 4,  0.1000994E+05
106, 5,  0.2322507E+05
106, 6,  0.2423185E+05
106, 7,  0.2292157E+05
106, 8,  0.1962841E+05
106, 9,  0.1801493E+05
106,10,  0.1432279E+05
106,11,  0.1067643E+05
106,12,  0.6340675E+04
107, 1,  0.4131895E+04
107, 2,  0.4656055E+04
107, 3,  0.6011849E+04
107, 4,  0.1066631E+05
107, 5,  0.2343770E+05
107, 6,  0.2553852E+05
107, 7,  0.2316647E+05
107, 8,  0.1977289E+05
107, 9,  0.1844349E+05
107,10,  0.1541769E+05
107,11,  0.1087918E+05
107,12,  0.6400256E+04
108, 1,  0.4163752E+04
108, 2,  0.4650119E+04
108, 3,  0.6018637E+04
108, 4,  0.1120846E+05
108, 5,  0.2439316E+05
108, 6,  0.2395155E+05
108, 7,  0.2194887E+05
108, 8,  0.1984269E+05
108, 9,  0.1922052E+05
108,10,  0.1520510E+05
108,11,  0.1093300E+05
108,12,  0.6390729E+04
109, 1,  0.4144042E+04
109, 2,  0.4640065E+04
109, 3,  0.5997294E+04
109, 4,  0.1100435E+05
109, 5,  0.2461546E+05
109, 6,  0.2462313E+05
109, 7,  0.2222546E+05
109, 8,  0.1944381E+05
109, 9,  0.1876086E+05
109,10,  0.1524718E+05
109,11,  0.1085833E+05
109,12,  0.6386928E+04
110, 1,  0.4181056E+04
110, 2,  0.4649916E+04
110, 3,  0.6021443E+04
110, 4,  0.1044288E+05
110, 5,  0.2431768E+05
110, 6,  0.2405383E+05
110, 7,  0.2180089E+05
110, 8,  0.2021589E+05
110, 9,  0.1950513E+05
110,10,  0.1583068E+05
110,11,  0.1102196E+05
110,12,  0.6398160E+04
111, 1,  0.4140479E+04
111, 2,  0.4645650E+04
111, 3,  0.5993385E+04
111, 4,  0.1073484E+05
111, 5,  0.2390524E+05
111, 6,  0.2416407E+05
111, 7,  0.2041128E+05
111, 8,  0.1958853E+05
111, 9,  0.1918515E+05
111,10,  0.1552857E+05
111,11,  0.1102264E+05
111,12,  0.6426165E+04
112, 1,  0.4152164E+04
112, 2,  0.4636173E+04
112, 3,  0.5990660E+04
112, 4,  0.1111926E+05
112, 5,  0.2373129E+05
112, 6,  0.2370073E+05
112, 7,  0.2041435E+05
112, 8,  0.1897106E+05
112, 9,  0.1906686E+05
112,10,  0.1549758E+05
112,11,  0.1107681E+05
112,12,  0.6425080E+04
113, 1,  0.4150996E+04
113, 2,  0.4627178E+04
113, 3,  0.6002995E+04
113, 4,  0.1042985E+05
113, 5,  0.2254296E+05
113, 6,  0.2218761E+05
113, 7,  0.2004292E+05
113, 8,  0.1920025E+05
113, 9,  0.1889277E+05
113,10,  0.1587714E+05
113,11,  0.1105805E+05
113,12,  0.6461457E+04
114, 1,  0.4178532E+04
114, 2,  0.4648193E+04
114, 3,  0.6000501E+04
114, 4,  0.1042454E+05
114, 5,  0.2160613E+05
114, 6,  0.2227835E+05
114, 7,  0.1992504E+05
114, 8,  0.2031289E+05
114, 9,  0.1992171E+05
114,10,  0.1630518E+05
114,11,  0.1097614E+05
114,12,  0.6500372E+04
115, 1,  0.4178562E+04
115, 2,  0.4661812E+04
115, 3,  0.6010947E+04
115, 4,  0.1064943E+05
115, 5,  0.2259338E+05
115, 6,  0.2102149E+05
115, 7,  0.1868862E+05
115, 8,  0.1872333E+05
115, 9,  0.1863068E+05
115,10,  0.1526152E+05
115,11,  0.1114305E+05
115,12,  0.6548164E+04
116, 1,  0.4179326E+04
116, 2,  0.4654835E+04
116, 3,  0.6026148E+04
116, 4,  0.1005932E+05
116, 5,  0.2131396E+05
116, 6,  0.2093152E+05
116, 7,  0.1841003E+05
116, 8,  0.1684743E+05
116, 9,  0.1748296E+05
116,10,  0.1515596E+05
116,11,  0.1105847E+05
116,12,  0.6430672E+04
117, 1,  0.4137524E+04
117, 2,  0.4643345E+04
117, 3,  0.6016501E+04
117, 4,  0.1065872E+05
117, 5,  0.2270112E+05
117, 6,  0.2114543E+05
117, 7,  0.1848920E+05
117, 8,  0.1786437E+05
117, 9,  0.1799132E+05
117,10,  0.1510161E+05
117,11,  0.1105757E+05
117,12,  0.6559235E+04
118, 1,  0.4200128E+04
118, 2,  0.4647667E+04
118, 3,  0.6023269E+04
118, 4,  0.1144638E+05
118, 5,  0.2222571E+05
118, 6,  0.2064735E+05
118, 7,  0.1767445E+05
118, 8,  0.1867303E+05
118, 9,  0.1903346E+05
118,10,  0.1582054E+05
118,11,  0.1097781E+05
118,12,  0.6468405E+04
119, 1,  0.4149572E+04
119, 2,  0.4630812E+04
119, 3,  0.6003664E+04
119, 4,  0.1037412E+05
119, 5,  0.1961971E+05
119, 6,  0.1868776E+05
119, 7,  0.1787771E+05
119, 8,  0.1845307E+05
119, 9,  0.1899762E+05
119,10,  0.1550795E+05
119,11,  0.1111612E+05
119,12,  0.6489332E+04
120, 1,  0.4157631E+04
120, 2,  0.4630231E+04
120, 3,  0.6015280E+04
120, 4,  0.9488936E+04
120, 5,  0.1860718E+05
120, 6,  0.1778327E+05
120, 7,  0.1759799E+05
120, 8,  0.1719227E+05
120, 9,  0.1770391E+05
120,10,  0.1503520E+05
120,11,  0.1119730E+05
120,12,  0.6497788E+04
121, 1,  0.4129312E+04
121, 2,  0.4633011E+04
121, 3,  0.5990572E+04
121, 4,  0.9849368E+04
121, 5,  0.2030409E+05
121, 6,  0.1920531E+05
121, 7,  0.1628646E+05
121, 8,  0.1598790E+05
121, 9,  0.1653427E+05
121,10,  0.1457823E+05
121,11,  0.1111378E+05
121,12,  0.6520450E+04
122, 1,  0.4143190E+04
122, 2,  0.4622125E+04
122, 3,  0.5971498E+04
122, 4,  0.1043320E+05
122, 5,  0.2013996E+05
122, 6,  0.1883641E+05
122, 7,  0.1480825E+05
122, 8,  0.1426012E+05
122, 9,  0.1476554E+05
122,10,  0.1350877E+05
122,11,  0.1093419E+05
122,12,  0.6478179E+04
123, 1,  0.4112488E+04
123, 2,  0.4610246E+04
123, 3,  0.5932137E+04
123, 4,  0.8735647E+04
123, 5,  0.1623119E+05
123, 6,  0.1589512E+05
123, 7,  0.1534078E+05
123, 8,  0.1402559E+05
123, 9,  0.1483979E+05
123,10,  0.1359779E+05
123,11,  0.1099311E+05
123,12,  0.6532443E+04
124, 1,  0.4142424E+04
124, 2,  0.4609229E+04
124, 3,  0.5934152E+04
124, 4,  0.8885977E+04
124, 5,  0.1661683E+05
124, 6,  0.1520501E+05
124, 7,  0.1394162E+05
124, 8,  0.1357119E+05
124, 9,  0.1473562E+05
124,10,  0.1373641E+05
124,11,  0.1081342E+05
124,12,  0.6502729E+04
125, 1,  0.4088730E+04
125, 2,  0.4593850E+04
125, 3,  0.5909276E+04
125, 4,  0.7719246E+04
125, 5,  0.1322657E+05
125, 6,  0.1417429E+05
125, 7,  0.1376151E+05
125, 8,  0.1299473E+05
125, 9,  0.1372248E+05
125,10,  0.1299858E+05
125,11,  0.1086507E+05
125,12,  0.6635066E+04
126, 1,  0.4118057E+04
126, 2,  0.4599584E+04
126, 3,  0.5898854E+04
126, 4,  0.8445454E+04
126, 5,  0.1508782E+05
126, 6,  0.1476105E+05
126, 7,  0.1432729E+05
126, 8,  0.1277107E+05
126, 9,  0.1343724E+05
126,10,  0.1286668E+05
126,11,  0.1115891E+05
126,12,  0.6696897E+04
127, 1,  0.4126311E+04
127, 2,  0.4613401E+04
127, 3,  0.5928742E+04
127, 4,  0.9410207E+04
127, 5,  0.1777813E+05
127, 6,  0.1636436E+05
127, 7,  0.1397017E+05
127, 8,  0.1225085E+05
127, 9,  0.1262017E+05
127,10,  0.1237820E+05
127,11,  0.1087562E+05
127,12,  0.6561627E+04
128, 1,  0.4129108E+04
128, 2,  0.4601324E+04
128, 3,  0.5942489E+04
128, 4,  0.9163871E+04
128, 5,  0.1793046E+05
128, 6,  0.1668112E+05
128, 7,  0.1401077E+05
128, 8,  0.1238666E+05
128, 9,  0.1246322E+05
128,10,  0.1228000E+05
128,11,  0.1076088E+05
128,12,  0.6611292E+04
129, 1,  0.4139458E+04
129, 2,  0.4594658E+04
129, 3,  0.5921274E+04
129, 4,  0.8894054E+04
129, 5,  0.1778642E+05
129, 6,  0.1639722E+05
129, 7,  0.1394710E+05
129, 8,  0.1314740E+05
129, 9,  0.1343902E+05
129,10,  0.1260378E+05
129,11,  0.1075750E+05
129,12,  0.6518289E+04
130, 1,  0.4116847E+04
130, 2,  0.4601047E+04
130, 3,  0.5944062E+04
130, 4,  0.1031901E+05
130, 5,  0.1757714E+05
130, 6,  0.1575019E+05
130, 7,  0.1489868E+05
130, 8,  0.1362754E+05
130, 9,  0.1404078E+05
130,10,  0.1315788E+05
130,11,  0.1064254E+05
130,12,  0.6461256E+04
131, 1,  0.4102195E+04
131, 2,  0.4593656E+04
131, 3,  0.5928235E+04
131, 4,  0.8242058E+04
131, 5,  0.1625686E+05
131, 6,  0.1625815E+05
131, 7,  0.1510734E+05
131, 8,  0.1545578E+05
131, 9,  0.1581570E+05
131,10,  0.1432425E+05
131,11,  0.1086669E+05
131,12,  0.6510056E+04
132, 1,  0.4115112E+04
132, 2,  0.4599299E+04
132, 3,  0.5897838E+04
132, 4,  0.8254457E+04
132, 5,  0.1626648E+05
132, 6,  0.1606532E+05
132, 7,  0.1564018E+05
132, 8,  0.1675206E+05
132, 9,  0.1703658E+05
132,10,  0.1494313E+05
132,11,  0.1089998E+05
132,12,  0.6526029E+04
133, 1,  0.4119459E+04
133, 2,  0.4592414E+04
133, 3,  0.5919610E+04
133, 4,  0.8320673E+04
133, 5,  0.1591213E+05
133, 6,  0.1569763E+05
133, 7,  0.1572015E+05
133, 8,  0.1608297E+05
133, 9,  0.1630990E+05
133,10,  0.1390161E+05
133,11,  0.1076977E+05
133,12,  0.6482963E+04
134, 1,  0.4105719E+04
134, 2,  0.4593151E+04
134, 3,  0.5904900E+04
134, 4,  0.8387331E+04
134, 5,  0.1529924E+05
134, 6,  0.1553682E+05
134, 7,  0.1587657E+05
134, 8,  0.1478002E+05
134, 9,  0.1486449E+05
134,10,  0.1330138E+05
134,11,  0.1059316E+05
134,12,  0.6517315E+04
135, 1,  0.4110495E+04
135, 2,  0.4594570E+04
135, 3,  0.5948854E+04
135, 4,  0.8723461E+04
135, 5,  0.1796207E+05
135, 6,  0.1873740E+05
135, 7,  0.1703266E+05
135, 8,  0.1408511E+05
135, 9,  0.1406841E+05
135,10,  0.1311505E+05
135,11,  0.1083466E+05
135,12,  0.6612791E+04
136, 1,  0.4140872E+04
136, 2,  0.4645465E+04
136, 3,  0.6014152E+04
136, 4,  0.1044834E+05
136, 5,  0.2091791E+05
136, 6,  0.2056263E+05
136, 7,  0.1815819E+05
136, 8,  0.1440518E+05
136, 9,  0.1403961E+05
136,10,  0.1281939E+05
136,11,  0.1087612E+05
136,12,  0.6506022E+04
137, 1,  0.4148087E+04
137, 2,  0.4622236E+04
137, 3,  0.5963186E+04
137, 4,  0.1008872E+05
137, 5,  0.2240157E+05
137, 6,  0.2176012E+05
137, 7,  0.1815148E+05
137, 8,  0.1391632E+05
137, 9,  0.1355898E+05
137,10,  0.1272426E+05
137,11,  0.1093968E+05
137,12,  0.6490903E+04
138, 1,  0.4163104E+04
138, 2,  0.4647945E+04
138, 3,  0.6018878E+04
138, 4,  0.1190655E+05
138, 5,  0.2476101E+05
138, 6,  0.2381316E+05
138, 7,  0.2086587E+05
138, 8,  0.1796817E+05
138, 9,  0.1749449E+05
138,10,  0.1513816E+05
138,11,  0.1094513E+05
138,12,  0.6416433E+04
139, 1,  0.4169518E+04
139, 2,  0.4656426E+04
139, 3,  0.6019344E+04
139, 4,  0.1141729E+05
139, 5,  0.2547448E+05
139, 6,  0.2709730E+05
139, 7,  0.2491090E+05
139, 8,  0.2139074E+05
139, 9,  0.2046704E+05
139,10,  0.1641811E+05
139,11,  0.1100010E+05
139,12,  0.6371216E+04
140, 1,  0.4193443E+04
140, 2,  0.4667430E+04
140, 3,  0.6035885E+04
140, 4,  0.1145523E+05
140, 5,  0.2579777E+05
140, 6,  0.2876442E+05
140, 7,  0.2604020E+05
140, 8,  0.2241826E+05
140, 9,  0.2163102E+05
140,10,  0.1719373E+05
140,11,  0.1100057E+05
140,12,  0.6365606E+04
141, 1,  0.4185497E+04
141, 2,  0.4665165E+04
141, 3,  0.6055819E+04
141, 4,  0.1284007E+05
141, 5,  0.2738239E+05
141, 6,  0.2958300E+05
141, 7,  0.2643737E+05
141, 8,  0.2216787E+05
141, 9,  0.2095187E+05
141,10,  0.1619136E+05
141,11,  0.1102652E+05
141,12,  0.6424422E+04
142, 1,  0.4190332E+04
142, 2,  0.4688413E+04
142, 3,  0.6064773E+04
142, 4,  0.1229535E+05
142, 5,  0.2723379E+05
142, 6,  0.3035101E+05
142, 7,  0.2829922E+05
142, 8,  0.2305759E+05
142, 9,  0.2041448E+05
142,10,  0.1604303E+05
142,11,  0.1118831E+05
142,12,  0.6407402E+04
143, 1,  0.4199502E+04
143, 2,  0.4700987E+04
143, 3,  0.6087982E+04
143, 4,  0.1234729E+05
143, 5,  0.2895120E+05
143, 6,  0.3084725E+05
143, 7,  0.2943256E+05
143, 8,  0.2415867E+05
143, 9,  0.2144698E+05
143,10,  0.1653204E+05
143,11,  0.1121060E+05
143,12,  0.6380778E+04
144, 1,  0.4212896E+04
144, 2,  0.4728464E+04
144, 3,  0.6107558E+04
144, 4,  0.1334867E+05
144, 5,  0.3097609E+05
144, 6,  0.3300346E+05
144, 7,  0.3064146E+05
144, 8,  0.2511795E+05
144, 9,  0.2215837E+05
144,10,  0.1704596E+05
144,11,  0.1123520E+05
144,12,  0.6440236E+04
145, 1,  0.4222004E+04
145, 2,  0.4720581E+04
145, 3,  0.6149827E+04
145, 4,  0.1461926E+05
145, 5,  0.3175229E+05
145, 6,  0.3314021E+05
145, 7,  0.3167764E+05
145, 8,  0.2471574E+05
145, 9,  0.2207071E+05
145,10,  0.1699725E+05
145,11,  0.1143309E+05
145,12,  0.6405786E+04
146, 1,  0.4244942E+04
146, 2,  0.4739421E+04
146, 3,  0.6143471E+04
146, 4,  0.1379130E+05
146, 5,  0.3184756E+05
146, 6,  0.3197892E+05
146, 7,  0.2868042E+05
146, 8,  0.2347259E+05
146, 9,  0.2159612E+05
146,10,  0.1684761E+05
146,11,  0.1147594E+05
146,12,  0.6408523E+04
147, 1,  0.4257357E+04
147, 2,  0.4750958E+04
147, 3,  0.6162327E+04
147, 4,  0.1379130E+05
147, 5,  0.3237776E+05
147, 6,  0.3375148E+05
147, 7,  0.3149750E+05
147, 8,  0.2557470E+05
147, 9,  0.2414046E+05
147,10,  0.1801061E+05
147,11,  0.1164642E+05
147,12,  0.6620188E+04
148, 1,  0.4336147E+04
148, 2,  0.4801145E+04
148, 3,  0.6214231E+04
148, 4,  0.1378685E+05
148, 5,  0.3137797E+05
148, 6,  0.3211709E+05
148, 7,  0.2943247E+05
148, 8,  0.2398180E+05
148, 9,  0.2253748E+05
148,10,  0.1713589E+05
148,11,  0.1168775E+05
148,12,  0.6532515E+04
149, 1,  0.4292916E+04
149, 2,  0.4731316E+04
149, 3,  0.6162441E+04
149, 4,  0.1368278E+05
149, 5,  0.3001679E+05
149, 6,  0.2895661E+05
149, 7,  0.2287365E+05
149, 8,  0.1975090E+05
149, 9,  0.1953317E+05
149,10,  0.1530412E+05
149,11,  0.1148882E+05
149,12,  0.6516934E+04
150, 1,  0.4238772E+04
150, 2,  0.4736576E+04
150, 3,  0.6124638E+04
150, 4,  0.1453573E+05
150, 5,  0.3037025E+05
150, 6,  0.2821622E+05
150, 7,  0.2173313E+05
150, 8,  0.1629307E+05
150, 9,  0.1626117E+05
150,10,  0.1452981E+05
150,11,  0.1142456E+05
150,12,  0.6548234E+04
151, 1,  0.4237195E+04
151, 2,  0.4698872E+04
151, 3,  0.6096684E+04
151, 4,  0.1318342E+05
151, 5,  0.2874986E+05
151, 6,  0.2727117E+05
151, 7,  0.2061694E+05
151, 8,  0.1531274E+05
151, 9,  0.1535865E+05
151,10,  0.1431152E+05
151,11,  0.1143381E+05
151,12,  0.6584489E+04
152, 1,  0.4221989E+04
152, 2,  0.4686993E+04
152, 3,  0.6102053E+04
152, 4,  0.1438327E+05
152, 5,  0.2930884E+05
152, 6,  0.2595409E+05
152, 7,  0.1946702E+05
152, 8,  0.1458372E+05
152, 9,  0.1463740E+05
152,10,  0.1375582E+05
152,11,  0.1131216E+05
152,12,  0.6574001E+04
153, 1,  0.4212634E+04
153, 2,  0.4686520E+04
153, 3,  0.6086581E+04
153, 4,  0.1413822E+05
153, 5,  0.2755116E+05
153, 6,  0.2436002E+05
153, 7,  0.1898490E+05
153, 8,  0.1531354E+05
153, 9,  0.1608696E+05
153,10,  0.1446513E+05
153,11,  0.1165256E+05
153,12,  0.6559521E+04
154, 1,  0.4199331E+04
154, 2,  0.4706270E+04
154, 3,  0.6103085E+04
154, 4,  0.1375874E+05
154, 5,  0.2577860E+05
154, 6,  0.2264486E+05
154, 7,  0.1894623E+05
154, 8,  0.1468761E+05
154, 9,  0.1505971E+05
154,10,  0.1419346E+05
154,11,  0.1162386E+05
154,12,  0.6547196E+04
155, 1,  0.4156424E+04
155, 2,  0.4669642E+04
155, 3,  0.6066259E+04
155, 4,  0.1431308E+05
155, 5,  0.2425912E+05
155, 6,  0.2034380E+05
155, 7,  0.1674916E+05
155, 8,  0.1464412E+05
155, 9,  0.1583087E+05
155,10,  0.1500743E+05
155,11,  0.1187589E+05
155,12,  0.6514323E+04
156, 1,  0.4149281E+04
156, 2,  0.4653348E+04
156, 3,  0.6043647E+04
156, 4,  0.1300281E+05
156, 5,  0.2136966E+05
156, 6,  0.1798867E+05
156, 7,  0.1586537E+05
156, 8,  0.1545182E+05
156, 9,  0.1666728E+05
156,10,  0.1540856E+05
156,11,  0.1220650E+05
156,12,  0.6618615E+04
157, 1,  0.4132043E+04
157, 2,  0.4636404E+04
157, 3,  0.5981768E+04
157, 4,  0.1154384E+05
157, 5,  0.1833776E+05
157, 6,  0.1504203E+05
157, 7,  0.1457638E+05
157, 8,  0.1427273E+05
157, 9,  0.1547167E+05
157,10,  0.1404869E+05
157,11,  0.1138218E+05
157,12,  0.6595928E+04
158, 1,  0.4129278E+04
158, 2,  0.4630504E+04
158, 3,  0.5959676E+04
158, 4,  0.9152173E+04
158, 5,  0.1399256E+05
158, 6,  0.1334297E+05
158, 7,  0.1360161E+05
158, 8,  0.1313079E+05
158, 9,  0.1389997E+05
158,10,  0.1340823E+05
158,11,  0.1134276E+05
158,12,  0.6610721E+04
159, 1,  0.4096028E+04
159, 2,  0.4595576E+04
159, 3,  0.5916957E+04
159, 4,  0.7970378E+04
159, 5,  0.1113543E+05
159, 6,  0.1224537E+05
159, 7,  0.1270457E+05
159, 8,  0.1282913E+05
159, 9,  0.1348678E+05
159,10,  0.1290479E+05
159,11,  0.1110784E+05
159,12,  0.6668646E+04
160, 1,  0.4136511E+04
160, 2,  0.4602341E+04
160, 3,  0.5894231E+04
160, 4,  0.7396945E+04
160, 5,  0.9832409E+04
160, 6,  0.1172133E+05
160, 7,  0.1245448E+05
160, 8,  0.1222382E+05
160, 9,  0.1274470E+05
160,10,  0.1254655E+05
160,11,  0.1093977E+05
160,12,  0.6739301E+04
161, 1,  0.4097733E+04
161, 2,  0.4572944E+04
161, 3,  0.5889750E+04
161, 4,  0.7393585E+04
161, 5,  0.9660430E+04
161, 6,  0.1163939E+05
161, 7,  0.1242610E+05
161, 8,  0.1229117E+05
161, 9,  0.1284806E+05
161,10,  0.1270703E+05
161,11,  0.1109858E+05
161,12,  0.6712352E+04
162, 1,  0.4110346E+04
162, 2,  0.4570311E+04
162, 3,  0.5873290E+04
162, 4,  0.7407953E+04
162, 5,  0.9613055E+04
162, 6,  0.1152167E+05
162, 7,  0.1246179E+05
162, 8,  0.1226414E+05
162, 9,  0.1262079E+05
162,10,  0.1254825E+05
162,11,  0.1116370E+05
162,12,  0.6749589E+04
163, 1,  0.4096470E+04
163, 2,  0.4557542E+04
163, 3,  0.5873898E+04
163, 4,  0.7389547E+04
163, 5,  0.9690500E+04
163, 6,  0.1155192E+05
163, 7,  0.1224289E+05
163, 8,  0.1223546E+05
163, 9,  0.1261353E+05
163,10,  0.1256989E+05
163,11,  0.1121673E+05
163,12,  0.6837902E+04
164, 1,  0.4107359E+04
164, 2,  0.4575025E+04
164, 3,  0.5871661E+04
164, 4,  0.7392086E+04
164, 5,  0.9310396E+04
164, 6,  0.1119833E+05
164, 7,  0.1219010E+05
164, 8,  0.1220859E+05
164, 9,  0.1247175E+05
164,10,  0.1238616E+05
164,11,  0.1103368E+05
164,12,  0.6784979E+04
165, 1,  0.4103238E+04
165, 2,  0.4572875E+04
165, 3,  0.5852454E+04
165, 4,  0.7348315E+04
165, 5,  0.9243736E+04
165, 6,  0.1088253E+05
165, 7,  0.1187566E+05
165, 8,  0.1205974E+05
165, 9,  0.1241714E+05
165,10,  0.1244978E+05
165,11,  0.1120441E+05
165,12,  0.6857915E+04
166, 1,  0.4081063E+04
166, 2,  0.4566214E+04
166, 3,  0.5848624E+04
166, 4,  0.7362610E+04
166, 5,  0.9283550E+04
166, 6,  0.1102880E+05
166, 7,  0.1193857E+05
166, 8,  0.1198173E+05
166, 9,  0.1232224E+05
166,10,  0.1228210E+05
166,11,  0.1107898E+05
166,12,  0.6834421E+04
167, 1,  0.4135910E+04
167, 2,  0.4600388E+04
167, 3,  0.5873337E+04
167, 4,  0.7354702E+04
167, 5,  0.9279268E+04
167, 6,  0.1105119E+05
167, 7,  0.1203376E+05
167, 8,  0.1202417E+05
167, 9,  0.1234459E+05
167,10,  0.1228727E+05
167,11,  0.1109637E+05
167,12,  0.6923578E+04
168, 1,  0.4121945E+04
168, 2,  0.4596640E+04
168, 3,  0.5871534E+04
168, 4,  0.7375133E+04
168, 5,  0.9490376E+04
168, 6,  0.1133944E+05
168, 7,  0.1205998E+05
168, 8,  0.1194069E+05
168, 9,  0.1225645E+05
168,10,  0.1217569E+05
168,11,  0.1087879E+05
168,12,  0.6930025E+04
169, 1,  0.4123158E+04
169, 2,  0.4589104E+04
169, 3,  0.5866590E+04
169, 4,  0.7368810E+04
169, 5,  0.9444047E+04
169, 6,  0.1127394E+05
169, 7,  0.1207331E+05
169, 8,  0.1181146E+05
169, 9,  0.1208800E+05
169,10,  0.1198991E+05
169,11,  0.1078231E+05
169,12,  0.6874021E+04
170, 1,  0.4132845E+04
170, 2,  0.4592379E+04
170, 3,  0.5866919E+04
170, 4,  0.7373478E+04
170, 5,  0.9861087E+04
170, 6,  0.1184813E+05
170, 7,  0.1235480E+05
170, 8,  0.1179611E+05
170, 9,  0.1203301E+05
170,10,  0.1194296E+05
170,11,  0.1079804E+05
170,12,  0.6864900E+04
171, 1,  0.4139802E+04
171, 2,  0.4584936E+04
171, 3,  0.5876552E+04
171, 4,  0.7406166E+04
171, 5,  0.1010085E+05
171, 6,  0.1204192E+05
171, 7,  0.1223674E+05
171, 8,  0.1173077E+05
171, 9,  0.1189606E+05
171,10,  0.1185569E+05
171,11,  0.1077191E+05
171,12,  0.6918757E+04
172, 1,  0.4149417E+04
172, 2,  0.4615177E+04
172, 3,  0.5895849E+04
172, 4,  0.7472817E+04
172, 5,  0.1072285E+05
172, 6,  0.1267610E+05
172, 7,  0.1328410E+05
172, 8,  0.1206240E+05
172, 9,  0.1217082E+05
172,10,  0.1199686E+05
172,11,  0.1075921E+05
172,12,  0.6832644E+04
173, 1,  0.4163941E+04
173, 2,  0.4609088E+04
173, 3,  0.5932635E+04
173, 4,  0.7695309E+04
173, 5,  0.1304290E+05
173, 6,  0.1380199E+05
173, 7,  0.1314923E+05
173, 8,  0.1187572E+05
173, 9,  0.1202902E+05
173,10,  0.1192371E+05
173,11,  0.1066107E+05
173,12,  0.6724937E+04
174, 1,  0.4124887E+04
174, 2,  0.4618122E+04
174, 3,  0.5929019E+04
174, 4,  0.8309909E+04
174, 5,  0.1354383E+05
174, 6,  0.1496561E+05
174, 7,  0.1392415E+05
174, 8,  0.1229966E+05
174, 9,  0.1212857E+05
174,10,  0.1199279E+05
174,11,  0.1072722E+05
174,12,  0.6713484E+04
175, 1,  0.4179831E+04
175, 2,  0.4619620E+04
175, 3,  0.5970692E+04
175, 4,  0.8482235E+04
175, 5,  0.1591493E+05
175, 6,  0.1723715E+05
175, 7,  0.1530904E+05
175, 8,  0.1434875E+05
175, 9,  0.1340421E+05
175,10,  0.1218843E+05
175,11,  0.1061459E+05
175,12,  0.6579557E+04
176, 1,  0.4162121E+04
176, 2,  0.4630605E+04
176, 3,  0.5969930E+04
176, 4,  0.9719506E+04
176, 5,  0.1895174E+05
176, 6,  0.2017170E+05
176, 7,  0.1819919E+05
176, 8,  0.1557491E+05
176, 9,  0.1469314E+05
176,10,  0.1522470E+05
176,11,  0.1077891E+05
176,12,  0.6598257E+04
177, 1,  0.4200292E+04
177, 2,  0.4681568E+04
177, 3,  0.6065361E+04
177, 4,  0.1059308E+05
177, 5,  0.2148602E+05
177, 6,  0.2554037E+05
177, 7,  0.2338886E+05
177, 8,  0.1913481E+05
177, 9,  0.1776559E+05
177,10,  0.1484747E+05
177,11,  0.1091292E+05
177,12,  0.6452797E+04
178, 1,  0.4185792E+04
178, 2,  0.4700916E+04
178, 3,  0.6110451E+04
178, 4,  0.1156361E+05
178, 5,  0.2460742E+05
178, 6,  0.3504850E+05
178, 7,  0.2763942E+05
178, 8,  0.2838238E+05
178, 9,  0.2080618E+05
178,10,  0.1805684E+05
178,11,  0.1138423E+05
178,12,  0.6341964E+04
179, 1,  0.4214810E+04
179, 2,  0.4723986E+04
179, 3,  0.6135000E+04
179, 4,  0.1299925E+05
179, 5,  0.3204299E+05
179, 6,  0.3892649E+05
179, 7,  0.3327360E+05
179, 8,  0.2758017E+05
179, 9,  0.2740263E+05
179,10,  0.1923206E+05
179,11,  0.1162308E+05
179,12,  0.6341839E+04
180, 1,  0.4219956E+04
180, 2,  0.4720566E+04
180, 3,  0.6172151E+04
180, 4,  0.1311762E+05
180, 5,  0.3679755E+05
180, 6,  0.4106596E+05
180, 7,  0.4406420E+05
180, 8,  0.3217003E+05
180, 9,  0.2671069E+05
180,10,  0.2015846E+05
180,11,  0.1134923E+05
180,12,  0.6303895E+04
181, 1,  0.4257493E+04
181, 2,  0.4781445E+04
181, 3,  0.6284476E+04
181, 4,  0.1393060E+05
181, 5,  0.4067016E+05
181, 6,  0.4870461E+05
181, 7,  0.4838673E+05
181, 8,  0.3832862E+05
181, 9,  0.3148184E+05
181,10,  0.2323281E+05
181,11,  0.1196291E+05
181,12,  0.6386691E+04
182, 1,  0.4294830E+04
182, 2,  0.4796046E+04
182, 3,  0.6292767E+04
182, 4,  0.1486055E+05
182, 5,  0.4225888E+05
182, 6,  0.5500625E+05
182, 7,  0.5545684E+05
182, 8,  0.4308131E+05
182, 9,  0.3347732E+05
182,10,  0.2345159E+05
182,11,  0.1186534E+05
182,12,  0.6325271E+04
183, 1,  0.4336045E+04
183, 2,  0.4855171E+04
183, 3,  0.6354152E+04
183, 4,  0.1663280E+05
183, 5,  0.4638559E+05
183, 6,  0.6081439E+05
183, 7,  0.6170096E+05
183, 8,  0.4629478E+05
183, 9,  0.4105223E+05
183,10,  0.2237547E+05
183,11,  0.1210186E+05
183,12,  0.6324442E+04
184, 1,  0.4345459E+04
184, 2,  0.4917630E+04
184, 3,  0.6353414E+04
184, 4,  0.1662562E+05
184, 5,  0.4878278E+05
184, 6,  0.6470346E+05
184, 7,  0.7790593E+05
184, 8,  0.6563559E+05
184, 9,  0.3564966E+05
184,10,  0.2367193E+05
184,11,  0.1261934E+05
184,12,  0.6290990E+04
185, 1,  0.4322366E+04
185, 2,  0.4864099E+04
185, 3,  0.6410991E+04
185, 4,  0.1696640E+05
185, 5,  0.4819194E+05
185, 6,  0.7203987E+05
185, 7,  0.6553298E+05
185, 8,  0.5014184E+05
185, 9,  0.5132971E+05
185,10,  0.2346924E+05
185,11,  0.1273694E+05
185,12,  0.6263206E+04
186, 1,  0.4311721E+04
186, 2,  0.4849832E+04
186, 3,  0.6355250E+04
186, 4,  0.1679255E+05
186, 5,  0.4946647E+05
186, 6,  0.7223998E+05
186, 7,  0.7007323E+05
186, 8,  0.5678902E+05
186, 9,  0.4033555E+05
186,10,  0.2952909E+05
186,11,  0.1313725E+05
186,12,  0.6471088E+04
187, 1,  0.4368797E+04
187, 2,  0.4854981E+04
187, 3,  0.6381460E+04
187, 4,  0.1725783E+05
187, 5,  0.4875850E+05
187, 6,  0.6482105E+05
187, 7,  0.7089973E+05
187, 8,  0.5593758E+05
187, 9,  0.3752066E+05
187,10,  0.2358250E+05
187,11,  0.1321043E+05
187,12,  0.6427467E+04
188, 1,  0.4385495E+04
188, 2,  0.4880596E+04
188, 3,  0.6597265E+04
188, 4,  0.1682218E+05
188, 5,  0.4786746E+05
188, 6,  0.6018243E+05
188, 7,  0.6606926E+05
188, 8,  0.6450002E+05
188, 9,  0.3701541E+05
188,10,  0.2322880E+05
188,11,  0.1324985E+05
188,12,  0.6456406E+04
189, 1,  0.4416047E+04
189, 2,  0.4911091E+04
189, 3,  0.6509683E+04
189, 4,  0.1679425E+05
189, 5,  0.4632578E+05
189, 6,  0.5695379E+05
189, 7,  0.8351173E+05
189, 8,  0.4861761E+05
189, 9,  0.3312689E+05
189,10,  0.2074539E+05
189,11,  0.1308136E+05
189,12,  0.6457500E+04
190, 1,  0.4407976E+04
190, 2,  0.4918491E+04
190, 3,  0.6486166E+04
190, 4,  0.1596873E+05
190, 5,  0.4466877E+05
190, 6,  0.5545625E+05
190, 7,  0.5649232E+05
190, 8,  0.4515611E+05
190, 9,  0.4194635E+05
190,10,  0.1980770E+05
190,11,  0.1298205E+05
190,12,  0.6470397E+04
191, 1,  0.4403313E+04
191, 2,  0.4878000E+04
191, 3,  0.6405437E+04
191, 4,  0.1486890E+05
191, 5,  0.4483352E+05
191, 6,  0.5371038E+05
191, 7,  0.5102951E+05
191, 8,  0.4082354E+05
191, 9,  0.3003218E+05
191,10,  0.1979706E+05
191,11,  0.1341645E+05
191,12,  0.6576626E+04
192, 1,  0.4324902E+04
192, 2,  0.4834050E+04
192, 3,  0.6433744E+04
192, 4,  0.1612486E+05
192, 5,  0.4396450E+05
192, 6,  0.5079898E+05
192, 7,  0.4362312E+05
192, 8,  0.3253485E+05
192, 9,  0.2702487E+05
192,10,  0.1963209E+05
192,11,  0.1352370E+05
192,12,  0.6535003E+04
193, 1,  0.4280687E+04
193, 2,  0.4803804E+04
193, 3,  0.6312875E+04
193, 4,  0.1639360E+05
193, 5,  0.4245165E+05
193, 6,  0.4681231E+05
193, 7,  0.3903219E+05
193, 8,  0.2907692E+05
193, 9,  0.2461900E+05
193,10,  0.1827012E+05
193,11,  0.1347560E+05
193,12,  0.6432895E+04
194, 1,  0.4238340E+04
194, 2,  0.4756776E+04
194, 3,  0.6243154E+04
194, 4,  0.1627955E+05
194, 5,  0.3832468E+05
194, 6,  0.3950654E+05
194, 7,  0.3176731E+05
194, 8,  0.2358482E+05
194, 9,  0.2254856E+05
194,10,  0.1846247E+05
194,11,  0.1348027E+05
194,12,  0.6458125E+04
195, 1,  0.4244811E+04
195, 2,  0.4744428E+04
195, 3,  0.6190670E+04
195, 4,  0.1656268E+05
195, 5,  0.3351996E+05
195, 6,  0.3263131E+05
195, 7,  0.2519279E+05
195, 8,  0.2108357E+05
195, 9,  0.2063655E+05
195,10,  0.1787367E+05
195,11,  0.1355438E+05
195,12,  0.6615607E+04
196, 1,  0.4192024E+04
196, 2,  0.4704076E+04
196, 3,  0.6167159E+04
196, 4,  0.1430061E+05
196, 5,  0.2451189E+05
196, 6,  0.2211381E+05
196, 7,  0.1970537E+05
196, 8,  0.1686683E+05
196, 9,  0.1683058E+05
196,10,  0.1616640E+05
196,11,  0.1319400E+05
196,12,  0.6710972E+04
197, 1,  0.4179971E+04
197, 2,  0.4698474E+04
197, 3,  0.6086542E+04
197, 4,  0.1009281E+05
197, 5,  0.1772963E+05
197, 6,  0.1686858E+05
197, 7,  0.1689521E+05
197, 8,  0.1558186E+05
197, 9,  0.1535410E+05
197,10,  0.1502189E+05
197,11,  0.1276925E+05
197,12,  0.6789260E+04
198, 1,  0.4156770E+04
198, 2,  0.4660073E+04
198, 3,  0.5997395E+04
198, 4,  0.7831683E+04
198, 5,  0.1184249E+05
198, 6,  0.1429312E+05
198, 7,  0.1457528E+05
198, 8,  0.1427219E+05
198, 9,  0.1466618E+05
198,10,  0.1431052E+05
198,11,  0.1236116E+05
198,12,  0.6774288E+04
199, 1,  0.4140322E+04
199, 2,  0.4625840E+04
199, 3,  0.5955240E+04
199, 4,  0.7497750E+04
199, 5,  0.1027611E+05
199, 6,  0.1295202E+05
199, 7,  0.1350984E+05
199, 8,  0.1347809E+05
199, 9,  0.1401401E+05
199,10,  0.1370757E+05
199,11,  0.1192679E+05
199,12,  0.6810163E+04
200, 1,  0.4125125E+04
200, 2,  0.4625846E+04
200, 3,  0.5965004E+04
200, 4,  0.7452698E+04
200, 5,  0.9424593E+04
200, 6,  0.1131431E+05
200, 7,  0.1269083E+05
200, 8,  0.1309279E+05
200, 9,  0.1338712E+05
200,10,  0.1350236E+05
200,11,  0.1189770E+05
200,12,  0.6946688E+04
201, 1,  0.4146509E+04
201, 2,  0.4632358E+04
201, 3,  0.5917307E+04
201, 4,  0.7438943E+04
201, 5,  0.9251189E+04
201, 6,  0.1100971E+05
201, 7,  0.1238006E+05
201, 8,  0.1297318E+05
201, 9,  0.1343258E+05
201,10,  0.1341488E+05
201,11,  0.1180859E+05
201,12,  0.7112942E+04
202, 1,  0.4156431E+04
202, 2,  0.4607095E+04
202, 3,  0.5911683E+04
202, 4,  0.7457556E+04
202, 5,  0.9140265E+04
202, 6,  0.1086624E+05
202, 7,  0.1222480E+05
202, 8,  0.1283287E+05
202, 9,  0.1326340E+05
202,10,  0.1322152E+05
202,11,  0.1178672E+05
202,12,  0.7045253E+04
203, 1,  0.4148180E+04
203, 2,  0.4593121E+04
203, 3,  0.5883035E+04
203, 4,  0.7341327E+04
203, 5,  0.8993927E+04
203, 6,  0.1066975E+05
203, 7,  0.1191344E+05
203, 8,  0.1259318E+05
203, 9,  0.1296645E+05
203,10,  0.1292956E+05
203,11,  0.1148594E+05
203,12,  0.6940411E+04
204, 1,  0.4144202E+04
204, 2,  0.4614077E+04
204, 3,  0.5871658E+04
204, 4,  0.7335641E+04
204, 5,  0.9004729E+04
204, 6,  0.1062800E+05
204, 7,  0.1175864E+05
204, 8,  0.1225451E+05
204, 9,  0.1265460E+05
204,10,  0.1265929E+05
204,11,  0.1141625E+05
204,12,  0.7070936E+04
205, 1,  0.4146261E+04
205, 2,  0.4587276E+04
205, 3,  0.5850428E+04
205, 4,  0.7301726E+04
205, 5,  0.8876585E+04
205, 6,  0.1037674E+05
205, 7,  0.1167903E+05
205, 8,  0.1222526E+05
205, 9,  0.1264142E+05
205,10,  0.1262216E+05
205,11,  0.1137129E+05
205,12,  0.7044958E+04
206, 1,  0.4133537E+04
206, 2,  0.4580345E+04
206, 3,  0.5847719E+04
206, 4,  0.7244931E+04
206, 5,  0.8838369E+04
206, 6,  0.1039171E+05
206, 7,  0.1158011E+05
206, 8,  0.1235661E+05
206, 9,  0.1271099E+05
206,10,  0.1272935E+05
206,11,  0.1153305E+05
206,12,  0.7142077E+04
207, 1,  0.4138492E+04
207, 2,  0.4579638E+04
207, 3,  0.5849536E+04
207, 4,  0.7305785E+04
207, 5,  0.8859491E+04
207, 6,  0.1048073E+05
207, 7,  0.1180417E+05
207, 8,  0.1245610E+05
207, 9,  0.1282881E+05
207,10,  0.1283392E+05
207,11,  0.1171493E+05
207,12,  0.7248698E+04
208, 1,  0.4145316E+04
208, 2,  0.4589959E+04
208, 3,  0.5858881E+04
208, 4,  0.7300970E+04
208, 5,  0.8940841E+04
208, 6,  0.1065003E+05
208, 7,  0.1197783E+05
208, 8,  0.1267603E+05
208, 9,  0.1310672E+05
208,10,  0.1304988E+05
208,11,  0.1189060E+05
208,12,  0.7401386E+04
209, 1,  0.4193607E+04
209, 2,  0.4619431E+04
209, 3,  0.5877415E+04
209, 4,  0.7340094E+04
209, 5,  0.9089411E+04
209, 6,  0.1090287E+05
209, 7,  0.1226566E+05
209, 8,  0.1282892E+05
209, 9,  0.1313550E+05
209,10,  0.1311947E+05
209,11,  0.1199814E+05
209,12,  0.7332263E+04
210, 1,  0.4162073E+04
210, 2,  0.4603274E+04
210, 3,  0.5900070E+04
210, 4,  0.7416620E+04
210, 5,  0.9163815E+04
210, 6,  0.1084985E+05
210, 7,  0.1223823E+05
210, 8,  0.1279639E+05
210, 9,  0.1314335E+05
210,10,  0.1313065E+05
210,11,  0.1191845E+05
210,12,  0.7252432E+04
211, 1,  0.4174717E+04
211, 2,  0.4613348E+04
211, 3,  0.5862023E+04
211, 4,  0.7398130E+04
211, 5,  0.9189181E+04
211, 6,  0.1093475E+05
211, 7,  0.1229059E+05
211, 8,  0.1259190E+05
211, 9,  0.1299512E+05
211,10,  0.1293464E+05
211,11,  0.1182426E+05
211,12,  0.7268760E+04
212, 1,  0.4169375E+04
212, 2,  0.4604836E+04
212, 3,  0.5897412E+04
212, 4,  0.7404233E+04
212, 5,  0.9275814E+04
212, 6,  0.1100323E+05
212, 7,  0.1224660E+05
212, 8,  0.1248184E+05
212, 9,  0.1277323E+05
212,10,  0.1273941E+05
212,11,  0.1151491E+05
212,12,  0.7037343E+04
213, 1,  0.4152594E+04
213, 2,  0.4603317E+04
213, 3,  0.5886381E+04
213, 4,  0.7384194E+04
213, 5,  0.9400318E+04
213, 6,  0.1105902E+05
213, 7,  0.1231109E+05
213, 8,  0.1232884E+05
213, 9,  0.1259239E+05
213,10,  0.1250900E+05
213,11,  0.1131946E+05
213,12,  0.6964901E+04
214, 1,  0.4161937E+04
214, 2,  0.4623950E+04
214, 3,  0.5925917E+04
214, 4,  0.7427034E+04
214, 5,  0.9548926E+04
214, 6,  0.1143501E+05
214, 7,  0.1246786E+05
214, 8,  0.1225207E+05
214, 9,  0.1242708E+05
214,10,  0.1230756E+05
214,11,  0.1116656E+05
214,12,  0.6991485E+04
215, 1,  0.4155497E+04
215, 2,  0.4620111E+04
215, 3,  0.5931972E+04
215, 4,  0.7444752E+04
215, 5,  0.1004275E+05
215, 6,  0.1191079E+05
215, 7,  0.1237473E+05
215, 8,  0.1190961E+05
215, 9,  0.1204715E+05
215,10,  0.1198772E+05
215,11,  0.1093424E+05
215,12,  0.7008628E+04
216, 1,  0.4155944E+04
216, 2,  0.4617104E+04
216, 3,  0.5915847E+04
216, 4,  0.7495792E+04
216, 5,  0.1046895E+05
216, 6,  0.1229207E+05
216, 7,  0.1280958E+05
216, 8,  0.1209150E+05
216, 9,  0.1201982E+05
216,10,  0.1198062E+05
216,11,  0.1086163E+05
216,12,  0.6892660E+04
217, 1,  0.4157757E+04
217, 2,  0.4619125E+04
217, 3,  0.5943128E+04
217, 4,  0.7544574E+04
217, 5,  0.1133859E+05
217, 6,  0.1348275E+05
217, 7,  0.1350235E+05
217, 8,  0.1236829E+05
217, 9,  0.1209651E+05
217,10,  0.1195575E+05
217,11,  0.1081697E+05
217,12,  0.6826987E+04
218, 1,  0.4171393E+04
218, 2,  0.4661710E+04
218, 3,  0.5966951E+04
218, 4,  0.7633097E+04
218, 5,  0.1369931E+05
218, 6,  0.1486952E+05
218, 7,  0.1378211E+05
218, 8,  0.1267480E+05
218, 9,  0.1234267E+05
218,10,  0.1206652E+05
218,11,  0.1086048E+05
218,12,  0.6746219E+04
219, 1,  0.4181068E+04
219, 2,  0.4677491E+04
219, 3,  0.6018081E+04
219, 4,  0.8128459E+04
219, 5,  0.1605280E+05
219, 6,  0.1954599E+05
219, 7,  0.1805812E+05
219, 8,  0.1547877E+05
219, 9,  0.1441451E+05
219,10,  0.1301296E+05
219,11,  0.1090698E+05
219,12,  0.6624136E+04
220, 1,  0.4199507E+04
220, 2,  0.4686704E+04
220, 3,  0.6058120E+04
220, 4,  0.9525324E+04
220, 5,  0.1937589E+05
220, 6,  0.2405710E+05
220, 7,  0.2298823E+05
220, 8,  0.1967186E+05
220, 9,  0.1797042E+05
220,10,  0.1526687E+05
220,11,  0.1109475E+05
220,12,  0.6548798E+04
221, 1,  0.4221373E+04
221, 2,  0.4721953E+04
221, 3,  0.6172058E+04
221, 4,  0.1116296E+05
221, 5,  0.2415637E+05
221, 6,  0.3165833E+05
221, 7,  0.3035612E+05
221, 8,  0.2530022E+05
221, 9,  0.2356745E+05
221,10,  0.1861188E+05
221,11,  0.1162421E+05
221,12,  0.6407977E+04
222, 1,  0.4254427E+04
222, 2,  0.4781584E+04
222, 3,  0.6237977E+04
222, 4,  0.1156973E+05
222, 5,  0.2938596E+05
222, 6,  0.3808728E+05
222, 7,  0.3838442E+05
222, 8,  0.3212811E+05
222, 9,  0.2732377E+05
222,10,  0.2144514E+05
222,11,  0.1190137E+05
222,12,  0.6329182E+04
223, 1,  0.4266153E+04
223, 2,  0.4815377E+04
223, 3,  0.6268856E+04
223, 4,  0.1146685E+05
223, 5,  0.3522836E+05
223, 6,  0.4706307E+05
223, 7,  0.4936268E+05
223, 8,  0.4089930E+05
223, 9,  0.3552343E+05
223,10,  0.2613569E+05
223,11,  0.1228776E+05
223,12,  0.6226890E+04
224, 1,  0.4288998E+04
224, 2,  0.4830839E+04
224, 3,  0.6334969E+04
224, 4,  0.1334134E+05
224, 5,  0.4217592E+05
224, 6,  0.5733355E+05
224, 7,  0.6397155E+05
224, 8,  0.5404314E+05
224, 9,  0.4444139E+05
224,10,  0.3294779E+05
224,11,  0.1431974E+05
224,12,  0.6233313E+04
225, 1,  0.4328559E+04
225, 2,  0.4886531E+04
225, 3,  0.6456816E+04
225, 4,  0.1424415E+05
225, 5,  0.5027261E+05
225, 6,  0.7121385E+05
225, 7,  0.7883384E+05
225, 8,  0.6848399E+05
225, 9,  0.5598075E+05
225,10,  0.4019499E+05
225,11,  0.1530675E+05
225,12,  0.6264542E+04
226, 1,  0.4381774E+04
226, 2,  0.4938634E+04
226, 3,  0.6534216E+04
226, 4,  0.1453427E+05
226, 5,  0.5694441E+05
226, 6,  0.8265315E+05
226, 7,  0.9291073E+05
226, 8,  0.8006403E+05
226, 9,  0.6267398E+05
226,10,  0.4454527E+05
226,11,  0.1597081E+05
226,12,  0.6293643E+04
227, 1,  0.4397693E+04
227, 2,  0.4962203E+04
227, 3,  0.6659964E+04
227, 4,  0.1628208E+05
227, 5,  0.6361338E+05
227, 6,  0.9028179E+05
227, 7,  0.1032603E+06
227, 8,  0.8551599E+05
227, 9,  0.6622502E+05
227,10,  0.4664527E+05
227,11,  0.1744401E+05
227,12,  0.6208483E+04
228, 1,  0.4363112E+04
228, 2,  0.4952913E+04
228, 3,  0.6644061E+04
228, 4,  0.1810584E+05
228, 5,  0.6287332E+05
228, 6,  0.9265665E+05
228, 7,  0.1089295E+06
228, 8,  0.8995807E+05
228, 9,  0.6889564E+05
228,10,  0.4764602E+05
228,11,  0.1679146E+05
228,12,  0.6238315E+04
229, 1,  0.4400034E+04
229, 2,  0.4967301E+04
229, 3,  0.6677311E+04
229, 4,  0.1931575E+05
229, 5,  0.6374588E+05
229, 6,  0.9107373E+05
229, 7,  0.1087694E+06
229, 8,  0.8695262E+05
229, 9,  0.6593938E+05
229,10,  0.4333001E+05
229,11,  0.1612063E+05
229,12,  0.6375981E+04
230, 1,  0.4417955E+04
230, 2,  0.4981207E+04
230, 3,  0.6703662E+04
230, 4,  0.1874312E+05
230, 5,  0.6398913E+05
230, 6,  0.8650641E+05
230, 7,  0.1021914E+06
230, 8,  0.8368817E+05
230, 9,  0.6282174E+05
230,10,  0.3732907E+05
230,11,  0.1448303E+05
230,12,  0.6328934E+04
231, 1,  0.4381459E+04
231, 2,  0.4975299E+04
231, 3,  0.6707162E+04
231, 4,  0.1944511E+05
231, 5,  0.6329312E+05
231, 6,  0.8500392E+05
231, 7,  0.9669317E+05
231, 8,  0.7486462E+05
231, 9,  0.5377874E+05
231,10,  0.3502173E+05
231,11,  0.1460832E+05
231,12,  0.6528163E+04
232, 1,  0.4347829E+04
232, 2,  0.4921916E+04
232, 3,  0.6643166E+04
232, 4,  0.1727247E+05
232, 5,  0.6286743E+05
232, 6,  0.8116228E+05
232, 7,  0.9130991E+05
232, 8,  0.6851238E+05
232, 9,  0.4958661E+05
232,10,  0.3224054E+05
232,11,  0.1392146E+05
232,12,  0.6453887E+04
233, 1,  0.4350107E+04
233, 2,  0.4927969E+04
233, 3,  0.6613708E+04
233, 4,  0.1762431E+05
233, 5,  0.6126697E+05
233, 6,  0.8198580E+05
233, 7,  0.9350323E+05
233, 8,  0.6904649E+05
233, 9,  0.4987305E+05
233,10,  0.2954632E+05
233,11,  0.1377482E+05
233,12,  0.6382329E+04
234, 1,  0.4374128E+04
234, 2,  0.4925431E+04
234, 3,  0.6587470E+04
234, 4,  0.1725279E+05
234, 5,  0.6060701E+05
234, 6,  0.7906659E+05
234, 7,  0.9021207E+05
234, 8,  0.6843780E+05
234, 9,  0.4813764E+05
234,10,  0.2708431E+05
234,11,  0.1340893E+05
234,12,  0.6531000E+04
235, 1,  0.4398178E+04
235, 2,  0.4938831E+04
235, 3,  0.6620060E+04
235, 4,  0.1586213E+05
235, 5,  0.5767967E+05
235, 6,  0.7736790E+05
235, 7,  0.8326981E+05
235, 8,  0.6245245E+05
235, 9,  0.4057382E+05
235,10,  0.2257074E+05
235,11,  0.1294565E+05
235,12,  0.6483875E+04
236, 1,  0.4389769E+04
236, 2,  0.4907064E+04
236, 3,  0.6552949E+04
236, 4,  0.1519712E+05
236, 5,  0.5533417E+05
236, 6,  0.6984714E+05
236, 7,  0.7225343E+05
236, 8,  0.5251688E+05
236, 9,  0.3583028E+05
236,10,  0.2041147E+05
236,11,  0.1293812E+05
236,12,  0.6415292E+04
237, 1,  0.4325805E+04
237, 2,  0.4875125E+04
237, 3,  0.6553659E+04
237, 4,  0.1508868E+05
237, 5,  0.4960903E+05
237, 6,  0.6182623E+05
237, 7,  0.5812286E+05
237, 8,  0.3914822E+05
237, 9,  0.2919819E+05
237,10,  0.1902988E+05
237,11,  0.1264860E+05
237,12,  0.6390019E+04
238, 1,  0.4284445E+04
238, 2,  0.4807380E+04
238, 3,  0.6389725E+04
238, 4,  0.1246202E+05
238, 5,  0.3969011E+05
238, 6,  0.4731696E+05
238, 7,  0.3957882E+05
238, 8,  0.2817540E+05
238, 9,  0.2467577E+05
238,10,  0.1883351E+05
238,11,  0.1277381E+05
238,12,  0.6318415E+04
239, 1,  0.4222293E+04
239, 2,  0.4774878E+04
239, 3,  0.6242309E+04
239, 4,  0.1133952E+05
239, 5,  0.2750904E+05
239, 6,  0.2888572E+05
239, 7,  0.2211695E+05
239, 8,  0.1772846E+05
239, 9,  0.1820071E+05
239,10,  0.1598732E+05
239,11,  0.1273965E+05
239,12,  0.6490750E+04
240, 1,  0.4216737E+04
240, 2,  0.4717030E+04
240, 3,  0.6103358E+04
240, 4,  0.1083187E+05
240, 5,  0.1844248E+05
240, 6,  0.1763457E+05
240, 7,  0.1682466E+05
240, 8,  0.1501276E+05
240, 9,  0.1534458E+05
240,10,  0.1511667E+05
240,11,  0.1244011E+05
240,12,  0.6564213E+04
241, 1,  0.4188087E+04
241, 2,  0.4680854E+04
241, 3,  0.6049281E+04
241, 4,  0.8658971E+04
241, 5,  0.1363710E+05
241, 6,  0.1492155E+05
241, 7,  0.1462376E+05
241, 8,  0.1390803E+05
241, 9,  0.1416054E+05
241,10,  0.1371627E+05
241,11,  0.1193768E+05
241,12,  0.6736570E+04
242, 1,  0.4168497E+04
242, 2,  0.4674354E+04
242, 3,  0.5975958E+04
242, 4,  0.7529748E+04
242, 5,  0.1058322E+05
242, 6,  0.1327735E+05
242, 7,  0.1332294E+05
242, 8,  0.1345108E+05
242, 9,  0.1381785E+05
242,10,  0.1361474E+05
242,11,  0.1188670E+05
242,12,  0.6837738E+04
243, 1,  0.4158580E+04
243, 2,  0.4627542E+04
243, 3,  0.5931089E+04
243, 4,  0.7506049E+04
243, 5,  0.9800434E+04
243, 6,  0.1180220E+05
243, 7,  0.1282331E+05
243, 8,  0.1308536E+05
243, 9,  0.1349914E+05
243,10,  0.1332841E+05
243,11,  0.1178856E+05
243,12,  0.6804904E+04
244, 1,  0.4141855E+04
244, 2,  0.4611361E+04
244, 3,  0.5881226E+04
244, 4,  0.7377461E+04
244, 5,  0.9316503E+04
244, 6,  0.1108611E+05
244, 7,  0.1229963E+05
244, 8,  0.1279096E+05
244, 9,  0.1311371E+05
244,10,  0.1304564E+05
244,11,  0.1155024E+05
244,12,  0.6884208E+04
245, 1,  0.4149813E+04
245, 2,  0.4604341E+04
245, 3,  0.5871771E+04
245, 4,  0.7314346E+04
245, 5,  0.9148968E+04
245, 6,  0.1076967E+05
245, 7,  0.1186483E+05
245, 8,  0.1247734E+05
245, 9,  0.1272034E+05
245,10,  0.1265462E+05
245,11,  0.1149273E+05
245,12,  0.6919828E+04
246, 1,  0.4136295E+04
246, 2,  0.4609187E+04
246, 3,  0.5865623E+04
246, 4,  0.7321841E+04
246, 5,  0.9028953E+04
246, 6,  0.1045001E+05
246, 7,  0.1168363E+05
246, 8,  0.1216367E+05
246, 9,  0.1260878E+05
246,10,  0.1258732E+05
246,11,  0.1132693E+05
246,12,  0.6976334E+04
247, 1,  0.4150647E+04
247, 2,  0.4590955E+04
247, 3,  0.5853381E+04
247, 4,  0.7284992E+04
247, 5,  0.8912468E+04
247, 6,  0.1045617E+05
247, 7,  0.1156886E+05
247, 8,  0.1209136E+05
247, 9,  0.1249437E+05
247,10,  0.1252746E+05
247,11,  0.1129199E+05
247,12,  0.6972572E+04
248, 1,  0.4140796E+04
248, 2,  0.4583479E+04
248, 3,  0.5851316E+04
248, 4,  0.7274091E+04
248, 5,  0.8793944E+04
248, 6,  0.1022946E+05
248, 7,  0.1133290E+05
248, 8,  0.1203366E+05
248, 9,  0.1241581E+05
248,10,  0.1249029E+05
248,11,  0.1133874E+05
248,12,  0.7024796E+04
249, 1,  0.4120180E+04
249, 2,  0.4581651E+04
249, 3,  0.5832697E+04
249, 4,  0.7273821E+04
249, 5,  0.8794742E+04
249, 6,  0.1013844E+05
249, 7,  0.1139741E+05
249, 8,  0.1207445E+05
249, 9,  0.1246480E+05
249,10,  0.1245549E+05
249,11,  0.1123746E+05
249,12,  0.7009606E+04
250, 1,  0.4120827E+04
250, 2,  0.4575273E+04
250, 3,  0.5815615E+04
250, 4,  0.7264481E+04
250, 5,  0.8765412E+04
250, 6,  0.1022625E+05
250, 7,  0.1139856E+05
250, 8,  0.1208921E+05
250, 9,  0.1246658E+05
250,10,  0.1239414E+05
250,11,  0.1128361E+05
250,12,  0.7127075E+04
251, 1,  0.4140026E+04
251, 2,  0.4584061E+04
251, 3,  0.5860314E+04
251, 4,  0.7301245E+04
251, 5,  0.8840753E+04
251, 6,  0.1032605E+05
251, 7,  0.1144066E+05
251, 8,  0.1218082E+05
251, 9,  0.1254787E+05
251,10,  0.1248047E+05
251,11,  0.1114888E+05
251,12,  0.7030029E+04
252, 1,  0.4130362E+04
252, 2,  0.4575914E+04
252, 3,  0.5831959E+04
252, 4,  0.7274180E+04
252, 5,  0.9084534E+04
252, 6,  0.1033991E+05
252, 7,  0.1153211E+05
252, 8,  0.1222302E+05
252, 9,  0.1255796E+05
252,10,  0.1252206E+05
252,11,  0.1138463E+05
252,12,  0.7163018E+04
253, 1,  0.4154091E+04
253, 2,  0.4580519E+04
253, 3,  0.5844530E+04
253, 4,  0.7300166E+04
253, 5,  0.9169814E+04
253, 6,  0.1073845E+05
253, 7,  0.1191129E+05
253, 8,  0.1224289E+05
253, 9,  0.1249686E+05
253,10,  0.1248904E+05
253,11,  0.1139549E+05
253,12,  0.7086211E+04
254, 1,  0.4134932E+04
254, 2,  0.4575452E+04
254, 3,  0.5851574E+04
254, 4,  0.7317200E+04
254, 5,  0.9209516E+04
254, 6,  0.1081567E+05
254, 7,  0.1196403E+05
254, 8,  0.1225604E+05
254, 9,  0.1259255E+05
254,10,  0.1256027E+05
254,11,  0.1134034E+05
254,12,  0.7055969E+04
255, 1,  0.4159121E+04
255, 2,  0.4586192E+04
255, 3,  0.5859523E+04
255, 4,  0.7340584E+04
255, 5,  0.9258924E+04
255, 6,  0.1092090E+05
255, 7,  0.1205673E+05
255, 8,  0.1228385E+05
255, 9,  0.1252701E+05
255,10,  0.1252968E+05
255,11,  0.1140891E+05
255,12,  0.7134679E+04
256, 1,  0.4148477E+04
256, 2,  0.4600595E+04
256, 3,  0.5879009E+04
256, 4,  0.7381214E+04
256, 5,  0.9146454E+04
256, 6,  0.1092526E+05
256, 7,  0.1214804E+05
256, 8,  0.1219513E+05
256, 9,  0.1254169E+05
256,10,  0.1246939E+05
256,11,  0.1127542E+05
256,12,  0.7095625E+04
257, 1,  0.4143913E+04
257, 2,  0.4602659E+04
257, 3,  0.5883377E+04
257, 4,  0.7406023E+04
257, 5,  0.9383447E+04
257, 6,  0.1114761E+05
257, 7,  0.1215249E+05
257, 8,  0.1225883E+05
257, 9,  0.1239898E+05
257,10,  0.1232491E+05
257,11,  0.1111619E+05
257,12,  0.6988386E+04
258, 1,  0.4143148E+04
258, 2,  0.4592175E+04
258, 3,  0.5861541E+04
258, 4,  0.7388702E+04
258, 5,  0.9515812E+04
258, 6,  0.1113741E+05
258, 7,  0.1223730E+05
258, 8,  0.1206419E+05
258, 9,  0.1224383E+05
258,10,  0.1218658E+05
258,11,  0.1105100E+05
258,12,  0.6978905E+04
259, 1,  0.4140421E+04
259, 2,  0.4595770E+04
259, 3,  0.5898078E+04
259, 4,  0.7426284E+04
259, 5,  0.9644215E+04
259, 6,  0.1142462E+05
259, 7,  0.1211059E+05
259, 8,  0.1190106E+05
259, 9,  0.1214622E+05
259,10,  0.1203153E+05
259,11,  0.1094507E+05
259,12,  0.6945670E+04
260, 1,  0.4138250E+04
260, 2,  0.4622677E+04
260, 3,  0.5895746E+04
260, 4,  0.7437601E+04
260, 5,  0.1024808E+05
260, 6,  0.1202912E+05
260, 7,  0.1249757E+05
260, 8,  0.1195698E+05
260, 9,  0.1212959E+05
260,10,  0.1201791E+05
260,11,  0.1083864E+05
260,12,  0.6909031E+04
261, 1,  0.4150633E+04
261, 2,  0.4626417E+04
261, 3,  0.5938550E+04
261, 4,  0.7494156E+04
261, 5,  0.1126402E+05
261, 6,  0.1320424E+05
261, 7,  0.1373644E+05
261, 8,  0.1251646E+05
261, 9,  0.1220577E+05
261,10,  0.1213244E+05
261,11,  0.1095549E+05
261,12,  0.6796328E+04
262, 1,  0.4190088E+04
262, 2,  0.4645382E+04
262, 3,  0.5963367E+04
262, 4,  0.7999190E+04
262, 5,  0.1364775E+05
262, 6,  0.1559199E+05
262, 7,  0.1504714E+05
262, 8,  0.1332745E+05
262, 9,  0.1274285E+05
262,10,  0.1225092E+05
262,11,  0.1087732E+05
262,12,  0.6746125E+04
263, 1,  0.4154967E+04
263, 2,  0.4645038E+04
263, 3,  0.6008508E+04
263, 4,  0.8596436E+04
263, 5,  0.1702556E+05
263, 6,  0.1954156E+05
263, 7,  0.1786206E+05
263, 8,  0.1450662E+05
263, 9,  0.1344167E+05
263,10,  0.1251216E+05
263,11,  0.1081156E+05
263,12,  0.6648417E+04
264, 1,  0.4186642E+04
264, 2,  0.4679994E+04
264, 3,  0.6064271E+04
264, 4,  0.9369523E+04
264, 5,  0.1942002E+05
264, 6,  0.2348027E+05
264, 7,  0.2272841E+05
264, 8,  0.1903063E+05
264, 9,  0.1795472E+05
264,10,  0.1546857E+05
264,11,  0.1119992E+05
264,12,  0.6543206E+04
265, 1,  0.4203802E+04
265, 2,  0.4700213E+04
265, 3,  0.6125139E+04
265, 4,  0.1096640E+05
265, 5,  0.2290591E+05
265, 6,  0.2827354E+05
265, 7,  0.2767299E+05
265, 8,  0.2469667E+05
265, 9,  0.2258663E+05
265,10,  0.1766119E+05
265,11,  0.1112721E+05
265,12,  0.6334590E+04
266, 1,  0.4207071E+04
266, 2,  0.4751402E+04
266, 3,  0.6168650E+04
266, 4,  0.1066599E+05
266, 5,  0.2636417E+05
266, 6,  0.3443166E+05
266, 7,  0.3204766E+05
266, 8,  0.2860011E+05
266, 9,  0.2551016E+05
266,10,  0.2047796E+05
266,11,  0.1157423E+05
266,12,  0.6326114E+04
267, 1,  0.4207108E+04
267, 2,  0.4755964E+04
267, 3,  0.6200487E+04
267, 4,  0.1067720E+05
267, 5,  0.3130248E+05
267, 6,  0.3877921E+05
267, 7,  0.3972696E+05
267, 8,  0.3529873E+05
267, 9,  0.3130935E+05
267,10,  0.2380539E+05
267,11,  0.1172979E+05
267,12,  0.6320782E+04
268, 1,  0.4246174E+04
268, 2,  0.4778878E+04
268, 3,  0.6251269E+04
268, 4,  0.1120350E+05
268, 5,  0.3342879E+05
268, 6,  0.4453055E+05
268, 7,  0.4529267E+05
268, 8,  0.4094759E+05
268, 9,  0.3537375E+05
268,10,  0.2628381E+05
268,11,  0.1229445E+05
268,12,  0.6226846E+04
269, 1,  0.4280504E+04
269, 2,  0.4820421E+04
269, 3,  0.6327205E+04
269, 4,  0.1211619E+05
269, 5,  0.3859285E+05
269, 6,  0.5286604E+05
269, 7,  0.5915810E+05
269, 8,  0.5037422E+05
269, 9,  0.4187821E+05
269,10,  0.3021172E+05
269,11,  0.1297413E+05
269,12,  0.6217126E+04
270, 1,  0.4301552E+04
270, 2,  0.4847227E+04
270, 3,  0.6367697E+04
270, 4,  0.1443918E+05
270, 5,  0.4688048E+05
270, 6,  0.6289392E+05
270, 7,  0.6972217E+05
270, 8,  0.5897030E+05
270, 9,  0.4993167E+05
270,10,  0.3374783E+05
270,11,  0.1303426E+05
270,12,  0.6217760E+04
271, 1,  0.4367415E+04
271, 2,  0.4943271E+04
271, 3,  0.6476247E+04
271, 4,  0.1473061E+05
271, 5,  0.5146253E+05
271, 6,  0.7140783E+05
271, 7,  0.8348260E+05
271, 8,  0.6886988E+05
271, 9,  0.5449330E+05
271,10,  0.3736116E+05
271,11,  0.1358790E+05
271,12,  0.6266274E+04
272, 1,  0.4365623E+04
272, 2,  0.4916534E+04
272, 3,  0.6506157E+04
272, 4,  0.1467976E+05
272, 5,  0.5365828E+05
272, 6,  0.7684575E+05
272, 7,  0.9221098E+05
272, 8,  0.7604467E+05
272, 9,  0.5724500E+05
272,10,  0.3876818E+05
272,11,  0.1415159E+05
272,12,  0.6338471E+04
273, 1,  0.4365623E+04
273, 2,  0.4939063E+04
273, 3,  0.6641225E+04
273, 4,  0.1619164E+05
273, 5,  0.5624564E+05
273, 6,  0.7704417E+05
273, 7,  0.9515277E+05
273, 8,  0.7604467E+05
273, 9,  0.5689452E+05
273,10,  0.3728586E+05
273,11,  0.1443720E+05
273,12,  0.6316312E+04
274, 1,  0.4367799E+04
274, 2,  0.4952744E+04
274, 3,  0.6592291E+04
274, 4,  0.1644438E+05
274, 5,  0.5624564E+05
274, 6,  0.7558542E+05
274, 7,  0.8955730E+05
274, 8,  0.7112384E+05
274, 9,  0.5240336E+05
274,10,  0.3448257E+05
274,11,  0.1435141E+05
274,12,  0.6426972E+04
275, 1,  0.4367799E+04
275, 2,  0.4929412E+04
275, 3,  0.6592291E+04
275, 4,  0.1687037E+05
275, 5,  0.5866425E+05
275, 6,  0.7558542E+05
275, 7,  0.8763706E+05
275, 8,  0.6724452E+05
275, 9,  0.5240336E+05
275,10,  0.2851776E+05
275,11,  0.1398283E+05
275,12,  0.1398283E+05
276, 1,  0.4346659E+04
276, 2,  0.4900685E+04
276, 3,  0.6545714E+04
276, 4,  0.1698742E+05
276, 5,  0.5788368E+05
276, 6,  0.7601438E+05
276, 7,  0.8317818E+05
276, 8,  0.6222361E+05
276, 9,  0.4146348E+05
276,10,  0.2346289E+05
276,11,  0.1312362E+05
276,12,  0.6454327E+04
277, 1,  0.4330437E+04
277, 2,  0.4920503E+04
277, 3,  0.6547911E+04
277, 4,  0.1777555E+05
277, 5,  0.5736773E+05
277, 6,  0.7203080E+05
277, 7,  0.7834257E+05
277, 8,  0.5821759E+05
277, 9,  0.3829952E+05
277,10,  0.2216582E+05
277,11,  0.1325550E+05
277,12,  0.6481068E+04
278, 1,  0.4350146E+04
278, 2,  0.4896331E+04
278, 3,  0.6528578E+04
278, 4,  0.1582922E+05
278, 5,  0.5301527E+05
278, 6,  0.6597580E+05
278, 7,  0.6761833E+05
278, 8,  0.4848675E+05
278, 9,  0.3250825E+05
278,10,  0.1992101E+05
278,11,  0.1285496E+05
278,12,  0.6358385E+04
279, 1,  0.4295801E+04
279, 2,  0.4847556E+04
279, 3,  0.6433844E+04
279, 4,  0.1405013E+05
279, 5,  0.4849583E+05
279, 6,  0.6015342E+05
279, 7,  0.5776873E+05
279, 8,  0.4041641E+05
279, 9,  0.2842765E+05
279,10,  0.1889824E+05
279,11,  0.1276965E+05
279,12,  0.6448747E+04
280, 1,  0.4305312E+04
280, 2,  0.4823995E+04
280, 3,  0.6435984E+04
280, 4,  0.1395909E+05
280, 5,  0.4333513E+05
280, 6,  0.5246194E+05
280, 7,  0.4802251E+05
280, 8,  0.3162031E+05
280, 9,  0.2498080E+05
280,10,  0.1856287E+05
280,11,  0.1276259E+05
280,12,  0.1276259E+05
281, 1,  0.4262163E+04
281, 2,  0.4798421E+04
281, 3,  0.6321512E+04
281, 4,  0.1383278E+05
281, 5,  0.3663049E+05
281, 6,  0.4298520E+05
281, 7,  0.3466089E+05
281, 8,  0.2572869E+05
281, 9,  0.2245372E+05
281,10,  0.1814329E+05
281,11,  0.1309794E+05
281,12,  0.6495597E+04
282, 1,  0.4258254E+04
282, 2,  0.4759568E+04
282, 3,  0.6203659E+04
282, 4,  0.1248008E+05
282, 5,  0.3003920E+05
282, 6,  0.3199838E+05
282, 7,  0.2377658E+05
282, 8,  0.1797863E+05
282, 9,  0.1858463E+05
282,10,  0.1675393E+05
282,11,  0.1305066E+05
282,12,  0.6595925E+04
283, 1,  0.4185028E+04
283, 2,  0.4718531E+04
283, 3,  0.6132067E+04
283, 4,  0.1229431E+05
283, 5,  0.2249298E+05
283, 6,  0.2198062E+05
283, 7,  0.1863560E+05
283, 8,  0.1594096E+05
283, 9,  0.1625428E+05
283,10,  0.1573039E+05
283,11,  0.1325122E+05
283,12,  0.6782450E+04
284, 1,  0.4185895E+04
284, 2,  0.4700035E+04
284, 3,  0.6052144E+04
284, 4,  0.9856255E+04
284, 5,  0.1617150E+05
284, 6,  0.1648735E+05
284, 7,  0.1622124E+05
284, 8,  0.1494452E+05
284, 9,  0.1503548E+05
284,10,  0.1484453E+05
284,11,  0.1272827E+05
284,12,  0.6836642E+04
285, 1,  0.4176413E+04
285, 2,  0.4671606E+04
285, 3,  0.6009525E+04
285, 4,  0.7620164E+04
285, 5,  0.1154170E+05
285, 6,  0.1375480E+05
285, 7,  0.1382520E+05
285, 8,  0.1384853E+05
285, 9,  0.1421832E+05
285,10,  0.1404972E+05
285,11,  0.1220496E+05
285,12,  0.6797275E+04
286, 1,  0.4155094E+04
286, 2,  0.4645929E+04
286, 3,  0.5923987E+04
286, 4,  0.7429016E+04
286, 5,  0.9949973E+04
286, 6,  0.1201202E+05
286, 7,  0.1294189E+05
286, 8,  0.1323069E+05
286, 9,  0.1364034E+05
286,10,  0.1347141E+05
286,11,  0.1188673E+05
286,12,  0.6840499E+04
287, 1,  0.4180199E+04
287, 2,  0.4618914E+04
287, 3,  0.5909838E+04
287, 4,  0.7400958E+04
287, 5,  0.9056811E+04
287, 6,  0.1081724E+05
287, 7,  0.1211698E+05
287, 8,  0.1285965E+05
287, 9,  0.1329237E+05
287,10,  0.1329259E+05
287,11,  0.1192128E+05
287,12,  0.6902756E+04
288, 1,  0.4147513E+04
288, 2,  0.4613122E+04
288, 3,  0.5867374E+04
288, 4,  0.7292607E+04
288, 5,  0.9094729E+04
288, 6,  0.1069359E+05
288, 7,  0.1193325E+05
288, 8,  0.1258993E+05
288, 9,  0.1302671E+05
288,10,  0.1300581E+05
288,11,  0.1167975E+05
288,12,  0.7016225E+04
289, 1,  0.4139291E+04
289, 2,  0.4601339E+04
289, 3,  0.5901395E+04
289, 4,  0.7325139E+04
289, 5,  0.8987635E+04
289, 6,  0.1065357E+05
289, 7,  0.1190473E+05
289, 8,  0.1247346E+05
289, 9,  0.1282400E+05
289,10,  0.1272172E+05
289,11,  0.1138507E+05
289,12,  0.6929491E+04
290, 1,  0.4143097E+04
290, 2,  0.4597771E+04
290, 3,  0.5860534E+04
290, 4,  0.7270467E+04
290, 5,  0.8817912E+04
290, 6,  0.1041324E+05
290, 7,  0.1161697E+05
290, 8,  0.1221872E+05
290, 9,  0.1258695E+05
290,10,  0.1255692E+05
290,11,  0.1117715E+05
290,12,  0.7035862E+04
291, 1,  0.4106373E+04
291, 2,  0.4567248E+04
291, 3,  0.5827223E+04
291, 4,  0.7234490E+04
291, 5,  0.8721666E+04
291, 6,  0.1027679E+05
291, 7,  0.1144130E+05
291, 8,  0.1201676E+05
291, 9,  0.1241921E+05
291,10,  0.1243517E+05
291,11,  0.1131129E+05
291,12,  0.7000026E+04
292, 1,  0.4130084E+04
292, 2,  0.4572876E+04
292, 3,  0.5838520E+04
292, 4,  0.7275962E+04
292, 5,  0.8895510E+04
292, 6,  0.1041988E+05
292, 7,  0.1152980E+05
292, 8,  0.1213216E+05
292, 9,  0.1255666E+05
292,10,  0.1258622E+05
292,11,  0.1138692E+05
292,12,  0.6964749E+04
293, 1,  0.4126367E+04
293, 2,  0.4564575E+04
293, 3,  0.5824585E+04
293, 4,  0.7257194E+04
293, 5,  0.8829892E+04
293, 6,  0.1043049E+05
293, 7,  0.1159541E+05
293, 8,  0.1204919E+05
293, 9,  0.1234348E+05
293,10,  0.1236023E+05
293,11,  0.1125184E+05
293,12,  0.6952413E+04
294, 1,  0.4135168E+04
294, 2,  0.4581360E+04
294, 3,  0.5830496E+04
294, 4,  0.7254003E+04
294, 5,  0.8925876E+04
294, 6,  0.1047173E+05
294, 7,  0.1160905E+05
294, 8,  0.1205514E+05
294, 9,  0.1234904E+05
294,10,  0.1234528E+05
294,11,  0.1118809E+05
294,12,  0.7042553E+04
295, 1,  0.4126711E+04
295, 2,  0.4588515E+04
295, 3,  0.5843528E+04
295, 4,  0.7270854E+04
295, 5,  0.8965848E+04
295, 6,  0.1057791E+05
295, 7,  0.1165950E+05
295, 8,  0.1203197E+05
295, 9,  0.1232363E+05
295,10,  0.1229518E+05
295,11,  0.1113431E+05
295,12,  0.7097234E+04
296, 1,  0.4143111E+04
296, 2,  0.4580546E+04
296, 3,  0.5856678E+04
296, 4,  0.7307291E+04
296, 5,  0.9008889E+04
296, 6,  0.1057819E+05
296, 7,  0.1165391E+05
296, 8,  0.1212129E+05
296, 9,  0.1243416E+05
296,10,  0.1241318E+05
296,11,  0.1121662E+05
296,12,  0.7118482E+04
297, 1,  0.4145861E+04
297, 2,  0.4597886E+04
297, 3,  0.5879603E+04
297, 4,  0.7346026E+04
297, 5,  0.9151424E+04
297, 6,  0.1078060E+05
297, 7,  0.1191084E+05
297, 8,  0.1226188E+05
297, 9,  0.1258275E+05
297,10,  0.1250649E+05
297,11,  0.1138100E+05
297,12,  0.7071169E+04
298, 1,  0.4139773E+04
298, 2,  0.4606015E+04
298, 3,  0.5868024E+04
298, 4,  0.7349567E+04
298, 5,  0.9174502E+04
298, 6,  0.1080629E+05
298, 7,  0.1199646E+05
298, 8,  0.1232982E+05
298, 9,  0.1257644E+05
298,10,  0.1255193E+05
298,11,  0.1135395E+05
298,12,  0.7030883E+04
299, 1,  0.4156166E+04
299, 2,  0.4594938E+04
299, 3,  0.5873086E+04
299, 4,  0.7371072E+04
299, 5,  0.9164911E+04
299, 6,  0.1083960E+05
299, 7,  0.1207152E+05
299, 8,  0.1230671E+05
299, 9,  0.1251493E+05
299,10,  0.1246114E+05
299,11,  0.1134397E+05
299,12,  0.7081286E+04
300, 1,  0.4155690E+04
300, 2,  0.4597552E+04
300, 3,  0.5881824E+04
300, 4,  0.7399482E+04
300, 5,  0.9287387E+04
300, 6,  0.1092560E+05
300, 7,  0.1208300E+05
300, 8,  0.1223949E+05
300, 9,  0.1254007E+05
300,10,  0.1247498E+05
300,11,  0.1135384E+05
300,12,  0.7141125E+04
301, 1,  0.4141635E+04
301, 2,  0.4620535E+04
301, 3,  0.5913338E+04
301, 4,  0.7432733E+04
301, 5,  0.9400750E+04
301, 6,  0.1114237E+05
301, 7,  0.1220873E+05
301, 8,  0.1221877E+05
301, 9,  0.1249018E+05
301,10,  0.1247230E+05
301,11,  0.1139473E+05
301,12,  0.7075247E+04
302, 1,  0.4165940E+04
302, 2,  0.4614848E+04
302, 3,  0.5889935E+04
302, 4,  0.7431703E+04
302, 5,  0.9762616E+04
302, 6,  0.1156371E+05
302, 7,  0.1245479E+05
302, 8,  0.1218922E+05
302, 9,  0.1235271E+05
302,10,  0.1224849E+05
302,11,  0.1114958E+05
302,12,  0.6948815E+04
303, 1,  0.4145614E+04
303, 2,  0.4627920E+04
303, 3,  0.5919187E+04
303, 4,  0.7466672E+04
303, 5,  0.1033648E+05
303, 6,  0.1229834E+05
303, 7,  0.1308844E+05
303, 8,  0.1215198E+05
303, 9,  0.1224730E+05
303,10,  0.1217902E+05
303,11,  0.1099502E+05
303,12,  0.6850939E+04
304, 1,  0.4155782E+04
304, 2,  0.4622885E+04
304, 3,  0.5945396E+04
304, 4,  0.7553453E+04
304, 5,  0.1194715E+05
304, 6,  0.1376670E+05
304, 7,  0.1348726E+05
304, 8,  0.1226000E+05
304, 9,  0.1225310E+05
304,10,  0.1224814E+05
304,11,  0.1109559E+05
304,12,  0.6910785E+04
305, 1,  0.4190888E+04
305, 2,  0.4663119E+04
305, 3,  0.6003444E+04
305, 4,  0.8136958E+04
305, 5,  0.1391519E+05
305, 6,  0.1464783E+05
305, 7,  0.1392309E+05
305, 8,  0.1222486E+05
305, 9,  0.1217916E+05
305,10,  0.1208197E+05
305,11,  0.1086465E+05
305,12,  0.6739243E+04
306, 1,  0.4155412E+04
306, 2,  0.4655692E+04
306, 3,  0.6000401E+04
306, 4,  0.8079682E+04
306, 5,  0.1533106E+05
306, 6,  0.1737681E+05
306, 7,  0.1625785E+05
306, 8,  0.1401278E+05
306, 9,  0.1382549E+05
306,10,  0.1306482E+05
306,11,  0.1095935E+05
306,12,  0.6714429E+04
307, 1,  0.4177536E+04
307, 2,  0.4681763E+04
307, 3,  0.6087328E+04
307, 4,  0.9442980E+04
307, 5,  0.1846076E+05
307, 6,  0.2134901E+05
307, 7,  0.2017593E+05
307, 8,  0.1760382E+05
307, 9,  0.1677720E+05
307,10,  0.1488449E+05
307,11,  0.1098218E+05
307,12,  0.6552739E+04
308, 1,  0.4186879E+04
308, 2,  0.4681150E+04
308, 3,  0.6075385E+04
308, 4,  0.1014066E+05
308, 5,  0.2111749E+05
308, 6,  0.2588654E+05
308, 7,  0.2378899E+05
308, 8,  0.2112287E+05
308, 9,  0.1970581E+05
308,10,  0.1594139E+05
308,11,  0.1104887E+05
308,12,  0.6464250E+04
309, 1,  0.4178144E+04
309, 2,  0.4691724E+04
309, 3,  0.6121862E+04
309, 4,  0.1005567E+05
309, 5,  0.2400080E+05
309, 6,  0.2946627E+05
309, 7,  0.2802542E+05
309, 8,  0.2510018E+05
309, 9,  0.2307858E+05
309,10,  0.1825118E+05
309,11,  0.1107240E+05
309,12,  0.6401806E+04
310, 1,  0.4210146E+04
310, 2,  0.4723231E+04
310, 3,  0.6179843E+04
310, 4,  0.1054927E+05
310, 5,  0.2754959E+05
310, 6,  0.3475726E+05
310, 7,  0.3476215E+05
310, 8,  0.3033819E+05
310, 9,  0.2687744E+05
310,10,  0.2039424E+05
310,11,  0.1152732E+05
310,12,  0.6289602E+04
311, 1,  0.4212489E+04
311, 2,  0.4751117E+04
311, 3,  0.6190193E+04
311, 4,  0.1172482E+05
311, 5,  0.3114203E+05
311, 6,  0.4064007E+05
311, 7,  0.4288051E+05
311, 8,  0.3688641E+05
311, 9,  0.3097093E+05
311,10,  0.2310558E+05
311,11,  0.1171734E+05
311,12,  0.6314039E+04
312, 1,  0.4258321E+04
312, 2,  0.4789664E+04
312, 3,  0.6288935E+04
312, 4,  0.1230093E+05
312, 5,  0.3459527E+05
312, 6,  0.4771041E+05
312, 7,  0.4973911E+05
312, 8,  0.4324449E+05
312, 9,  0.3638095E+05
312,10,  0.2551617E+05
312,11,  0.1192408E+05
312,12,  0.6213740E+04
313, 1,  0.4289902E+04
313, 2,  0.4831499E+04
313, 3,  0.6362484E+04
313, 4,  0.1292892E+05
313, 5,  0.3926526E+05
313, 6,  0.5111773E+05
313, 7,  0.5722741E+05
313, 8,  0.4937218E+05
313, 9,  0.4137709E+05
313,10,  0.2907155E+05
313,11,  0.1207033E+05
313,12,  0.6295301E+04
314, 1,  0.4335539E+04
314, 2,  0.4887436E+04
314, 3,  0.6411789E+04
314, 4,  0.1250325E+05
314, 5,  0.4220304E+05
314, 6,  0.6002050E+05
314, 7,  0.6576406E+05
314, 8,  0.5508100E+05
314, 9,  0.4350085E+05
314,10,  0.2782079E+05
314,11,  0.1206797E+05
314,12,  0.6278094E+04
315, 1,  0.4356389E+04
315, 2,  0.4898795E+04
315, 3,  0.6492559E+04
315, 4,  0.1468795E+05
315, 5,  0.4835631E+05
315, 6,  0.6506059E+05
315, 7,  0.7476951E+05
315, 8,  0.6167374E+05
315, 9,  0.4494033E+05
315,10,  0.2852151E+05
315,11,  0.1290756E+05
315,12,  0.6326658E+04
316, 1,  0.4389364E+04
316, 2,  0.4911860E+04
316, 3,  0.6488664E+04
316, 4,  0.1507793E+05
316, 5,  0.5130657E+05
316, 6,  0.6879433E+05
316, 7,  0.8057449E+05
316, 8,  0.6477589E+05
316, 9,  0.4580070E+05
316,10,  0.2718970E+05
316,11,  0.1261613E+05
316,12,  0.6417575E+04
317, 1,  0.4373171E+04
317, 2,  0.4932656E+04
317, 3,  0.6524491E+04
317, 4,  0.1542807E+05
317, 5,  0.5450302E+05
317, 6,  0.7076576E+05
317, 7,  0.8010162E+05
317, 8,  0.6552239E+05
317, 9,  0.4710953E+05
317,10,  0.2837185E+05
317,11,  0.1309258E+05
317,12,  0.6493421E+04
318, 1,  0.4422584E+04
318, 2,  0.4946062E+04
318, 3,  0.6580869E+04
318, 4,  0.1657040E+05
318, 5,  0.5492720E+05
318, 6,  0.7270168E+05
318, 7,  0.8534391E+05
318, 8,  0.6585205E+05
318, 9,  0.4547278E+05
318,10,  0.2549145E+05
318,11,  0.1322498E+05
318,12,  0.6444231E+04
319, 1,  0.4363190E+04
319, 2,  0.4902150E+04
319, 3,  0.6552763E+04
319, 4,  0.1538938E+05
319, 5,  0.5526534E+05
319, 6,  0.7171862E+05
319, 7,  0.8116900E+05
319, 8,  0.6029345E+05
319, 9,  0.3940149E+05
319,10,  0.2344127E+05
319,11,  0.1292678E+05
319,12,  0.6541356E+04
320, 1,  0.4370033E+04
320, 2,  0.4903896E+04
320, 3,  0.6582451E+04
320, 4,  0.1506879E+05
320, 5,  0.5481016E+05
320, 6,  0.6930153E+05
320, 7,  0.7577109E+05
320, 8,  0.5594090E+05
320, 9,  0.3656010E+05
320,10,  0.2056444E+05
320,11,  0.1298030E+05
320,12,  0.6493040E+04
321, 1,  0.4353568E+04
321, 2,  0.4895712E+04
321, 3,  0.6514183E+04
321, 4,  0.1582267E+05
321, 5,  0.5178054E+05
321, 6,  0.6622788E+05
321, 7,  0.6887524E+05
321, 8,  0.5059030E+05
321, 9,  0.3250529E+05
321,10,  0.1968198E+05
321,11,  0.1312582E+05
321,12,  0.6437276E+04
322, 1,  0.4357927E+04
322, 2,  0.4897355E+04
322, 3,  0.6470720E+04
322, 4,  0.1518849E+05
322, 5,  0.5069195E+05
322, 6,  0.6160325E+05
322, 7,  0.5937337E+05
322, 8,  0.4317398E+05
322, 9,  0.2945021E+05
322,10,  0.1987762E+05
322,11,  0.1343004E+05
322,12,  0.6474221E+04
323, 1,  0.4307184E+04
323, 2,  0.4855790E+04
323, 3,  0.6418360E+04
323, 4,  0.1558837E+05
323, 5,  0.4547459E+05
323, 6,  0.5332468E+05
323, 7,  0.4790789E+05
323, 8,  0.3273756E+05
323, 9,  0.2488640E+05
323,10,  0.1847532E+05
323,11,  0.1317057E+05
323,12,  0.6471125E+04
324, 1,  0.4277996E+04
324, 2,  0.4804524E+04
324, 3,  0.6340109E+04
324, 4,  0.1480376E+05
324, 5,  0.4128117E+05
324, 6,  0.4805096E+05
324, 7,  0.4052429E+05
324, 8,  0.2759926E+05
324, 9,  0.2376312E+05
324,10,  0.1877252E+05
324,11,  0.1331224E+05
324,12,  0.6429041E+04
325, 1,  0.4254564E+04
325, 2,  0.4745958E+04
325, 3,  0.6275411E+04
325, 4,  0.1394325E+05
325, 5,  0.3478118E+05
325, 6,  0.3598811E+05
325, 7,  0.2583299E+05
325, 8,  0.2192592E+05
325, 9,  0.2065809E+05
325,10,  0.1705843E+05
325,11,  0.1324438E+05
325,12,  0.6585567E+04
326, 1,  0.4200342E+04
326, 2,  0.4711587E+04
326, 3,  0.6128070E+04
326, 4,  0.1357264E+05
326, 5,  0.2537059E+05
326, 6,  0.2435403E+05
326, 7,  0.2008961E+05
326, 8,  0.1708409E+05
326, 9,  0.1710926E+05
326,10,  0.1599687E+05
326,11,  0.1299797E+05
326,12,  0.6647128E+04
